PF,COLLEGE,MAJOR_NAME,CREDIT_1,CREDIT_2,GPA_1,GPA_2,EXTRA_ACTIVITY,COMPLETE_MAJOR
1,Art&Design,동양화,18,12,4.231,4.2098,300,1
1,Art&Design,동양화,18,18,4.1486,4.1206,50,1
1,Art&Design,동양화,18,15,4.1206,4.1066,300,1
1,Art&Design,동양화,18,18,4.1021,4.0617,300,0
1,Art&Design,동양화,18,18,4.0589,4.0509,200,1
1,Art&Design,동양화,18,18,4.0482,3.9435,250,1
1,Art&Design,동양화,18,18,3.9435,3.9064,300,1
1,Art&Design,동양화,18,18,3.797,3.7909,300,1
1,Art&Design,동양화,18,18,3.7394,3.6623,300,1
1,Art&Design,동양화,18,18,3.6623,3.6288,300,1
1,Art&Design,동양화,18,18,3.6288,3.6288,300,1
1,Art&Design,동양화,18,18,3.5942,3.5516,300,1
1,Art&Design,동양화,15,18,3.5411,3.4124,200,1
1,Art&Design,동양화,18,18,3.3863,3.2914,300,1
1,Art&Design,동양화,18,18,3.2732,3.2732,300,1
1,Art&Design,동양화,18,18,3.0862,3.055,200,1
1,Art&Design,동양화,18,18,3.0317,3.0317,300,1
1,Art&Design,동양화,18,18,3.0266,2.9639,300,1
0,Art&Design,동양화,18,18,2.9639,2.9523,300,1
0,Art&Design,동양화,18,18,2.6943,2.6799,300,1
0,Art&Design,동양화,18,18,2.5679,2.3681,50,1
0,Art&Design,동양화,18,18,2.3185,1.9846,300,1
0,Art&Design,동양화,18,18,1.9131,1.7602,300,1
0,Art&Design,동양화,18,18,1.7219,1.4697,300,1
0,Art&Design,동양화,18,18,1.2884,1.0437,300,1
1,Art&Design,서양화,18,18,4.4997,4.4997,150,1
1,Art&Design,서양화,18,15,4.4111,4.3955,300,1
1,Art&Design,서양화,18,18,4.3955,4.3546,250,0
1,Art&Design,서양화,18,18,4.2832,4.2481,300,1
1,Art&Design,서양화,18,18,4.2449,4.2361,300,1
1,Art&Design,서양화,18,18,4.231,4.2126,300,1
1,Art&Design,서양화,18,18,4.1486,4.1315,300,1
1,Art&Design,서양화,18,18,4.1206,4.1194,300,1
1,Art&Design,서양화,18,18,4.1066,4.1066,250,1
1,Art&Design,서양화,18,18,4.0617,4.0589,300,1
1,Art&Design,서양화,18,18,4.0509,3.9996,300,1
1,Art&Design,서양화,15,18,3.9289,3.9074,300,1
1,Art&Design,서양화,18,18,3.9074,3.7909,300,1
1,Art&Design,서양화,18,18,3.7868,3.7868,300,1
1,Art&Design,서양화,18,18,3.7858,3.7858,300,1
1,Art&Design,서양화,18,18,3.7394,3.7394,300,1
1,Art&Design,서양화,18,18,3.6416,3.6416,250,1
1,Art&Design,서양화,18,18,3.5942,3.5516,300,1
1,Art&Design,서양화,18,18,3.5411,3.465,300,1
0,Art&Design,서양화,18,12,3.465,3.4568,300,1
0,Art&Design,서양화,18,18,3.4568,3.4124,300,1
0,Art&Design,서양화,18,18,3.3863,3.3615,300,1
0,Art&Design,서양화,15,18,3.2914,3.2914,300,1
0,Art&Design,서양화,18,18,3.2732,3.1986,300,1
0,Art&Design,서양화,18,18,3.0739,3.055,300,1
0,Art&Design,서양화,18,18,3.055,3.0154,300,1
0,Art&Design,서양화,18,18,2.9639,2.9639,300,1
0,Art&Design,서양화,18,18,2.9523,2.9523,100,1
0,Art&Design,서양화,18,18,2.9422,2.6943,300,1
0,Art&Design,서양화,15,18,2.6799,2.6799,300,1
0,Art&Design,서양화,18,18,2.6722,2.5679,300,0
0,Art&Design,서양화,18,18,2.3712,2.3681,300,1
0,Art&Design,서양화,18,18,2.0451,2.0451,300,1
0,Art&Design,서양화,18,18,2.0015,1.9754,300,1
0,Art&Design,서양화,18,18,1.9625,1.9131,300,1
0,Art&Design,서양화,18,18,1.5197,1.4697,250,1
0,Art&Design,서양화,18,18,1.4697,1.4483,300,1
0,Art&Design,서양화,18,18,1.3055,1.2884,300,1
0,Art&Design,서양화,18,18,1.2884,1.0437,300,1
1,Art&Design,시각디자인,18,18,4.4997,4.4595,300,0
1,Art&Design,시각디자인,18,18,4.4111,4.4111,300,1
1,Art&Design,시각디자인,18,15,4.3955,4.2832,300,1
1,Art&Design,시각디자인,18,18,4.2832,4.2816,300,1
1,Art&Design,시각디자인,18,18,4.2816,4.2763,0,1
1,Art&Design,시각디자인,18,18,4.2763,4.2449,300,1
1,Art&Design,시각디자인,18,18,4.2126,4.2098,300,1
1,Art&Design,시각디자인,18,12,4.1689,4.1486,250,1
1,Art&Design,시각디자인,18,18,4.1486,4.1194,300,1
1,Art&Design,시각디자인,18,18,4.1194,4.1066,200,1
1,Art&Design,시각디자인,18,18,4.1021,4.0897,300,1
1,Art&Design,시각디자인,18,18,4.0897,4.0617,300,1
1,Art&Design,시각디자인,18,18,4.0589,4.0482,300,1
1,Art&Design,시각디자인,18,18,4.0482,3.9996,300,1
1,Art&Design,시각디자인,18,18,3.954,3.954,300,1
1,Art&Design,시각디자인,18,18,3.9435,3.9289,300,0
1,Art&Design,시각디자인,18,18,3.9289,3.9289,300,1
1,Art&Design,시각디자인,18,18,3.9064,3.9064,300,1
1,Art&Design,시각디자인,18,18,3.8589,3.8589,300,1
1,Art&Design,시각디자인,18,18,3.8589,3.797,300,1
0,Art&Design,시각디자인,18,18,3.797,3.7909,300,1
0,Art&Design,시각디자인,18,18,3.7868,3.7642,200,1
0,Art&Design,시각디자인,18,18,3.7642,3.7642,300,1
0,Art&Design,시각디자인,12,18,3.7248,3.7248,300,1
0,Art&Design,시각디자인,18,18,3.6623,3.628,200,1
0,Art&Design,시각디자인,18,18,3.6126,3.6126,300,1
0,Art&Design,시각디자인,18,18,3.6126,3.6126,300,1
0,Art&Design,시각디자인,18,18,3.5942,3.5516,300,1
0,Art&Design,시각디자인,18,18,3.4568,3.4124,300,1
0,Art&Design,시각디자인,18,18,3.3863,3.3615,150,1
0,Art&Design,시각디자인,18,18,3.1986,3.0862,300,1
0,Art&Design,시각디자인,18,18,3.0739,3.055,100,1
0,Art&Design,시각디자인,15,18,3.0459,3.0459,300,1
0,Art&Design,시각디자인,18,18,3.0292,3.0266,300,1
0,Art&Design,시각디자인,18,18,3.0266,2.9523,300,1
0,Art&Design,시각디자인,18,18,2.9422,2.9422,300,0
0,Art&Design,시각디자인,18,18,2.9422,2.7488,300,1
0,Art&Design,시각디자인,18,18,2.7488,2.6943,300,1
0,Art&Design,시각디자인,18,18,2.6799,2.6722,300,1
0,Art&Design,시각디자인,18,18,2.6411,2.6411,300,1
0,Art&Design,시각디자인,18,18,2.3712,2.0451,200,1
0,Art&Design,시각디자인,18,18,2.0015,2.0015,300,1
0,Art&Design,시각디자인,18,18,1.9754,1.9131,250,1
0,Art&Design,시각디자인,18,18,1.7602,1.7219,150,0
0,Art&Design,시각디자인,18,18,1.7219,1.663,300,1
0,Art&Design,시각디자인,18,18,1.5197,1.5197,300,1
0,Art&Design,시각디자인,18,18,1.5197,1.0437,300,1
1,Art&Design,실내디자인,18,18,4.4789,4.4789,250,1
1,Art&Design,실내디자인,18,18,4.4789,4.4595,300,1
1,Art&Design,실내디자인,18,18,4.4595,4.4111,300,1
1,Art&Design,실내디자인,18,18,4.2832,4.2763,300,1
1,Art&Design,실내디자인,18,18,4.2763,4.2481,300,1
1,Art&Design,실내디자인,18,18,4.2481,4.2449,300,1
1,Art&Design,실내디자인,18,18,4.231,4.231,300,1
1,Art&Design,실내디자인,18,18,4.2126,4.2098,300,1
1,Art&Design,실내디자인,18,18,4.2098,4.1689,300,1
1,Art&Design,실내디자인,18,18,4.1315,4.1315,300,1
1,Art&Design,실내디자인,18,18,4.1194,4.0897,300,0
1,Art&Design,실내디자인,15,18,4.0617,4.0589,250,1
1,Art&Design,실내디자인,18,18,4.0509,3.9996,300,1
1,Art&Design,실내디자인,18,18,3.954,3.7868,300,1
1,Art&Design,실내디자인,18,18,3.7858,3.7642,50,1
1,Art&Design,실내디자인,18,18,3.7248,3.7248,300,1
1,Art&Design,실내디자인,18,18,3.7108,3.7108,300,1
1,Art&Design,실내디자인,18,18,3.7108,3.6416,250,1
1,Art&Design,실내디자인,18,18,3.6416,3.6288,300,1
1,Art&Design,실내디자인,18,18,3.628,3.628,300,1
0,Art&Design,실내디자인,18,18,3.628,3.579,300,1
0,Art&Design,실내디자인,18,18,3.579,3.579,300,1
0,Art&Design,실내디자인,18,18,3.5516,3.5411,300,1
0,Art&Design,실내디자인,18,18,3.4568,3.3615,200,1
0,Art&Design,실내디자인,18,18,3.2732,3.1986,300,1
0,Art&Design,실내디자인,18,18,3.0862,3.0862,300,1
0,Art&Design,실내디자인,15,18,3.0739,3.0739,300,1
0,Art&Design,실내디자인,18,18,3.0459,3.0292,300,1
0,Art&Design,실내디자인,18,18,3.0154,2.7488,150,1
0,Art&Design,실내디자인,18,18,2.6943,2.6722,300,1
0,Art&Design,실내디자인,18,18,2.3712,2.3712,300,1
0,Art&Design,실내디자인,18,18,2.0015,1.9846,300,1
0,Art&Design,실내디자인,18,18,1.9754,1.9754,300,1
0,Art&Design,실내디자인,15,18,1.9625,1.9131,300,1
0,Art&Design,실내디자인,18,12,1.7602,1.7219,50,1
0,Art&Design,실내디자인,18,18,1.663,1.663,300,1
0,Art&Design,실내디자인,15,18,1.4483,1.4483,300,1
0,Art&Design,실내디자인,18,18,1.4483,1.3055,300,1
0,Art&Design,실내디자인,18,18,1.3055,1.2884,300,1
1,Art&Design,텍스타일디자인,18,18,4.4997,4.4789,300,1
1,Art&Design,텍스타일디자인,18,18,4.4595,4.3955,300,1
1,Art&Design,텍스타일디자인,18,18,4.3546,4.3546,300,1
1,Art&Design,텍스타일디자인,18,18,4.3546,4.2816,300,1
1,Art&Design,텍스타일디자인,18,18,4.2816,4.2481,300,1
1,Art&Design,텍스타일디자인,18,18,4.2449,4.2361,300,1
1,Art&Design,텍스타일디자인,18,18,4.2361,4.2361,250,1
1,Art&Design,텍스타일디자인,18,18,4.2126,4.1689,200,1
1,Art&Design,텍스타일디자인,18,18,4.1689,4.1315,300,1
1,Art&Design,텍스타일디자인,18,18,4.1206,4.1021,200,1
1,Art&Design,텍스타일디자인,18,18,4.1021,4.0897,300,1
1,Art&Design,텍스타일디자인,18,12,4.0509,4.0482,300,1
1,Art&Design,텍스타일디자인,18,15,3.9996,3.954,300,1
1,Art&Design,텍스타일디자인,18,18,3.9435,3.9074,300,1
1,Art&Design,텍스타일디자인,18,18,3.9074,3.9064,300,1
1,Art&Design,텍스타일디자인,18,18,3.8589,3.797,300,1
1,Art&Design,텍스타일디자인,18,18,3.7909,3.7858,300,1
1,Art&Design,텍스타일디자인,18,18,3.7394,3.7108,0,1
1,Art&Design,텍스타일디자인,18,18,3.6623,3.5942,300,1
0,Art&Design,텍스타일디자인,18,18,3.579,3.5411,200,1
0,Art&Design,텍스타일디자인,18,18,3.465,3.465,50,1
0,Art&Design,텍스타일디자인,18,18,3.4124,3.3863,300,1
0,Art&Design,텍스타일디자인,18,18,3.3615,3.2914,300,1
0,Art&Design,텍스타일디자인,18,18,3.1986,3.0459,100,1
0,Art&Design,텍스타일디자인,18,18,3.0317,3.0317,300,1
0,Art&Design,텍스타일디자인,18,18,3.0292,3.0292,250,1
0,Art&Design,텍스타일디자인,18,18,3.0266,3.0154,300,1
0,Art&Design,텍스타일디자인,18,18,3.0154,2.7488,300,0
0,Art&Design,텍스타일디자인,18,18,2.6722,2.6411,250,1
0,Art&Design,텍스타일디자인,18,18,2.6411,2.5679,300,1
0,Art&Design,텍스타일디자인,18,18,2.5679,2.3681,300,1
0,Art&Design,텍스타일디자인,18,15,2.3681,2.3185,150,1
0,Art&Design,텍스타일디자인,18,18,2.3185,2.3185,300,1
0,Art&Design,텍스타일디자인,18,15,2.0451,1.9846,300,1
0,Art&Design,텍스타일디자인,18,18,1.9846,1.9625,300,1
0,Art&Design,텍스타일디자인,18,18,1.9625,1.7602,300,1
0,Art&Design,텍스타일디자인,18,18,1.663,1.4697,300,1
0,Art&Design,텍스타일디자인,18,18,1.3055,1.0437,300,1
1,과학기술,컴퓨터공학,18,18,4.4846,4.4765,300,1
1,과학기술,컴퓨터공학,18,18,4.4546,4.3897,250,1
1,과학기술,컴퓨터공학,18,18,4.3787,4.352,300,1
1,과학기술,컴퓨터공학,18,18,4.3346,4.3301,300,1
1,과학기술,컴퓨터공학,18,18,4.3249,4.3174,300,1
1,과학기술,컴퓨터공학,18,18,4.3024,4.3024,300,1
1,과학기술,컴퓨터공학,18,18,4.2859,4.2806,300,1
1,과학기술,컴퓨터공학,15,18,4.2717,4.2355,300,0
1,과학기술,컴퓨터공학,18,15,4.2037,4.2037,300,1
1,과학기술,컴퓨터공학,15,18,4.1706,4.1588,300,0
1,과학기술,컴퓨터공학,18,18,4.1588,4.148,150,1
1,과학기술,컴퓨터공학,18,18,4.1308,4.0622,300,1
1,과학기술,컴퓨터공학,18,18,4.0381,4.0292,300,1
1,과학기술,컴퓨터공학,18,15,4.0214,3.9981,300,1
1,과학기술,컴퓨터공학,18,18,3.9894,3.9646,300,1
1,과학기술,컴퓨터공학,18,18,3.9638,3.9591,200,1
1,과학기술,컴퓨터공학,18,18,3.9457,3.9233,250,1
1,과학기술,컴퓨터공학,18,18,3.9016,3.9016,300,1
1,과학기술,컴퓨터공학,18,18,3.8907,3.8721,300,1
1,과학기술,컴퓨터공학,15,18,3.8721,3.8635,300,1
1,과학기술,컴퓨터공학,18,18,3.8483,3.8454,300,1
1,과학기술,컴퓨터공학,18,18,3.8405,3.8304,250,1
1,과학기술,컴퓨터공학,18,18,3.7843,3.7587,300,1
1,과학기술,컴퓨터공학,18,18,3.7484,3.7262,300,1
1,과학기술,컴퓨터공학,18,18,3.6934,3.6837,300,1
1,과학기술,컴퓨터공학,18,18,3.6784,3.6784,300,1
1,과학기술,컴퓨터공학,18,18,3.6712,3.6631,300,1
1,과학기술,컴퓨터공학,18,18,3.6466,3.6317,300,1
1,과학기술,컴퓨터공학,18,18,3.6238,3.5873,300,1
1,과학기술,컴퓨터공학,18,18,3.5777,3.5333,150,1
1,과학기술,컴퓨터공학,18,18,3.5333,3.4907,300,1
1,과학기술,컴퓨터공학,18,18,3.4744,3.4744,300,1
1,과학기술,컴퓨터공학,18,18,3.4610000000000003,3.4606,200,1
1,과학기술,컴퓨터공학,18,18,3.4403,3.3645,200,1
1,과학기술,컴퓨터공학,18,18,3.361,3.3484,300,1
1,과학기술,컴퓨터공학,18,18,3.3484,3.3431,300,1
1,과학기술,컴퓨터공학,18,18,3.3383,3.3211,300,0
1,과학기술,컴퓨터공학,18,18,3.318,3.318,300,1
1,과학기술,컴퓨터공학,18,18,3.2892,3.2386,300,1
1,과학기술,컴퓨터공학,18,18,3.235,3.235,300,1
1,과학기술,컴퓨터공학,18,18,3.2001,3.1571,300,1
1,과학기술,컴퓨터공학,18,18,3.1571,3.152,300,1
1,과학기술,컴퓨터공학,15,18,3.152,3.1367,150,1
1,과학기술,컴퓨터공학,18,15,3.1367,3.0968,300,1
0,과학기술,컴퓨터공학,18,18,3.0773,3.0541,300,1
0,과학기술,컴퓨터공학,18,18,3.0541,3.0451,300,1
0,과학기술,컴퓨터공학,12,18,2.9825,2.9526,300,1
0,과학기술,컴퓨터공학,18,18,2.9519,2.9114,300,1
0,과학기술,컴퓨터공학,18,18,2.7998,2.7966,300,1
0,과학기술,컴퓨터공학,18,18,2.7647,2.7304,300,1
0,과학기술,컴퓨터공학,18,18,2.6802,2.6613,300,1
0,과학기술,컴퓨터공학,18,18,2.5801,2.5796,300,1
0,과학기술,컴퓨터공학,18,18,2.5395,2.4945,300,1
0,과학기술,컴퓨터공학,18,18,2.4197,2.3904,300,1
0,과학기술,컴퓨터공학,18,18,2.3904,2.2079,300,1
0,과학기술,컴퓨터공학,18,18,2.174,2.1652,300,1
0,과학기술,컴퓨터공학,18,18,2.0378,2.0376,300,1
0,과학기술,컴퓨터공학,18,18,2.0376,1.8303,300,1
0,과학기술,컴퓨터공학,18,18,1.8275,1.8028,50,1
0,과학기술,컴퓨터공학,18,18,1.6694,1.6647,300,0
0,과학기술,컴퓨터공학,18,18,1.5898,1.5747,150,1
0,과학기술,컴퓨터공학,18,18,1.5696,1.4808,300,1
0,과학기술,컴퓨터공학,18,18,1.4784,1.4784,50,1
0,과학기술,컴퓨터공학,18,18,1.4784,1.4589,300,1
0,과학기술,컴퓨터공학,18,18,1.4384,1.4384,300,0
0,과학기술,컴퓨터공학,18,18,1.4384,1.3756,300,1
0,과학기술,컴퓨터공학,18,18,1.2983,1.2501,250,1
0,과학기술,컴퓨터공학,18,18,1.2501,1.2132,300,0
0,과학기술,컴퓨터공학,18,18,1.1062,1.0979,300,1
0,과학기술,컴퓨터공학,15,18,1.0979,1.0969,150,1
0,과학기술,컴퓨터공학,18,18,1.0969,1.0698,300,1
0,과학기술,컴퓨터공학,18,18,1.0031,1.0031,300,1
1,과학기술,IT미디어공학,18,18,4.4999,4.4873,300,1
1,과학기술,IT미디어공학,12,18,4.4846,4.4729,250,1
1,과학기술,IT미디어공학,18,18,4.4729,4.4546,300,1
1,과학기술,IT미디어공학,18,18,4.3897,4.3879,300,1
1,과학기술,IT미디어공학,18,18,4.352,4.352,300,1
1,과학기술,IT미디어공학,18,18,4.3451,4.3378,300,1
1,과학기술,IT미디어공학,18,12,4.3378,4.3365,300,1
1,과학기술,IT미디어공학,18,18,4.3365,4.3365,300,1
1,과학기술,IT미디어공학,18,18,4.3174,4.2859,300,1
1,과학기술,IT미디어공학,18,18,4.2794,4.2794,300,1
1,과학기술,IT미디어공학,18,18,4.2717,4.2567,250,1
1,과학기술,IT미디어공학,18,18,4.2024,4.1799,300,1
1,과학기술,IT미디어공학,18,18,4.1706,4.1308,300,1
1,과학기술,IT미디어공학,18,18,4.0747,4.0709,300,0
1,과학기술,IT미디어공학,18,15,4.0622,4.0587,300,1
1,과학기술,IT미디어공학,18,18,4.0214,3.9981,300,1
1,과학기술,IT미디어공학,18,18,3.986,3.9638,300,1
1,과학기술,IT미디어공학,18,18,3.9591,3.9554,300,1
1,과학기술,IT미디어공학,18,18,3.9457,3.9303,300,1
1,과학기술,IT미디어공학,18,18,3.9016,3.8905,300,1
1,과학기술,IT미디어공학,15,18,3.8663,3.8635,300,1
1,과학기술,IT미디어공학,18,18,3.8364,3.8246,300,1
1,과학기술,IT미디어공학,18,18,3.8193,3.7895,300,1
1,과학기술,IT미디어공학,18,18,3.7767,3.7587,300,1
1,과학기술,IT미디어공학,18,18,3.7494,3.7484,300,1
1,과학기술,IT미디어공학,18,15,3.7156,3.6784,200,1
1,과학기술,IT미디어공학,18,18,3.6748,3.6748,300,0
1,과학기술,IT미디어공학,18,18,3.6731,3.6731,0,1
1,과학기술,IT미디어공학,18,18,3.667,3.6619,100,1
1,과학기술,IT미디어공학,18,18,3.6317,3.6228,300,1
1,과학기술,IT미디어공학,18,18,3.6228,3.6135,300,1
1,과학기술,IT미디어공학,18,15,3.5777,3.5777,300,1
1,과학기술,IT미디어공학,15,18,3.5578,3.5333,300,1
1,과학기술,IT미디어공학,15,18,3.5002,3.4449,300,1
1,과학기술,IT미디어공학,18,18,3.4403,3.432,300,1
1,과학기술,IT미디어공학,18,18,3.4128,3.4128,300,1
1,과학기술,IT미디어공학,18,18,3.4024,3.3966,300,0
1,과학기술,IT미디어공학,18,18,3.3899,3.3764,300,1
1,과학기술,IT미디어공학,18,18,3.361,3.3552,150,1
1,과학기술,IT미디어공학,18,18,3.3246,3.3211,100,1
1,과학기술,IT미디어공학,18,15,3.2974,3.2495,300,1
1,과학기술,IT미디어공학,18,18,3.2495,3.2471,300,1
1,과학기술,IT미디어공학,18,18,3.235,3.1939,300,1
1,과학기술,IT미디어공학,15,18,3.1939,3.1917,300,1
0,과학기술,IT미디어공학,18,18,3.1576,3.152,300,1
0,과학기술,IT미디어공학,18,18,3.1437,3.1322,300,1
0,과학기술,IT미디어공학,18,18,3.1322,3.1180000000000003,300,1
0,과학기술,IT미디어공학,18,18,3.0968,3.0812,300,1
0,과학기술,IT미디어공학,18,18,3.0592,2.9825,300,1
0,과학기술,IT미디어공학,18,18,2.9519,2.9519,300,1
0,과학기술,IT미디어공학,18,18,2.9399,2.9114,300,1
0,과학기술,IT미디어공학,18,18,2.9106,2.9106,300,1
0,과학기술,IT미디어공학,18,18,2.8771,2.8686,300,1
0,과학기술,IT미디어공학,18,18,2.7966,2.7647,300,1
0,과학기술,IT미디어공학,18,15,2.757,2.7166,300,1
0,과학기술,IT미디어공학,18,18,2.5859,2.5796,300,1
0,과학기술,IT미디어공학,18,18,2.5616,2.5564,250,1
0,과학기술,IT미디어공학,18,18,2.5465,2.3919,300,1
0,과학기술,IT미디어공학,18,18,2.2767,2.2237,300,1
0,과학기술,IT미디어공학,18,18,2.174,2.1205,300,1
0,과학기술,IT미디어공학,18,18,2.0378,2.0376,300,1
0,과학기술,IT미디어공학,18,18,2.0361,1.9963,300,1
0,과학기술,IT미디어공학,18,18,1.9963,1.8303,300,1
0,과학기술,IT미디어공학,18,18,1.7778,1.7778,300,1
0,과학기술,IT미디어공학,18,18,1.7715,1.7504,300,1
0,과학기술,IT미디어공학,18,18,1.7316,1.7316,300,1
0,과학기술,IT미디어공학,18,18,1.6726,1.6718,300,1
0,과학기술,IT미디어공학,18,18,1.6595,1.6069,300,1
0,과학기술,IT미디어공학,18,18,1.5898,1.5747,300,1
0,과학기술,IT미디어공학,18,18,1.5731,1.5696,300,1
0,과학기술,IT미디어공학,18,18,1.5136,1.4508,300,1
0,과학기술,IT미디어공학,18,18,1.4384,1.4251,300,1
0,과학기술,IT미디어공학,18,18,1.394,1.3672,300,0
0,과학기술,IT미디어공학,18,18,1.3647,1.3647,300,1
0,과학기술,IT미디어공학,18,18,1.3361,1.321,300,1
0,과학기술,IT미디어공학,18,18,1.321,1.3173,300,1
0,과학기술,IT미디어공학,18,18,1.3173,1.2983,300,1
0,과학기술,IT미디어공학,18,18,1.2365,1.2365,300,1
0,과학기술,IT미디어공학,18,18,1.2351,1.0969,200,1
0,과학기술,IT미디어공학,18,18,1.0255,1.0255,300,1
1,과학기술,사이버보안,18,18,4.4846,4.3879,300,1
1,과학기술,사이버보안,15,18,4.3787,4.3451,0,1
1,과학기술,사이버보안,18,18,4.3346,4.3268,300,0
1,과학기술,사이버보안,18,18,4.3174,4.2648,300,1
1,과학기술,사이버보안,18,15,4.2567,4.2558,300,1
1,과학기술,사이버보안,18,18,4.2432,4.2432,300,1
1,과학기술,사이버보안,18,18,4.2355,4.2213,300,1
1,과학기술,사이버보안,15,18,4.2091,4.2024,300,1
1,과학기술,사이버보안,18,18,4.1799,4.148,300,1
1,과학기술,사이버보안,18,18,4.1076,4.0767,300,1
1,과학기술,사이버보안,18,18,4.0747,4.0747,300,1
1,과학기술,사이버보안,18,18,4.0697,4.0622,300,1
1,과학기술,사이버보안,18,18,4.0214,4.0118,300,1
1,과학기술,사이버보안,18,18,3.9894,3.97,300,1
1,과학기술,사이버보안,18,18,3.97,3.9681,300,0
1,과학기술,사이버보안,12,18,3.9554,3.9549,300,1
1,과학기술,사이버보안,18,18,3.9303,3.8721,300,1
1,과학기술,사이버보안,18,18,3.8663,3.8405,250,1
1,과학기술,사이버보안,18,18,3.83,3.8246,300,1
1,과학기술,사이버보안,18,18,3.7587,3.7561,300,1
1,과학기술,사이버보안,18,18,3.729,3.7156,300,1
1,과학기술,사이버보안,18,18,3.6934,3.6837,300,1
1,과학기술,사이버보안,18,18,3.6631,3.637,300,1
1,과학기술,사이버보안,18,18,3.6358,3.6358,300,1
1,과학기술,사이버보안,18,18,3.6317,3.5912,200,1
1,과학기술,사이버보안,18,18,3.5878,3.5873,300,1
1,과학기술,사이버보안,18,18,3.5424,3.5424,300,1
1,과학기술,사이버보안,18,18,3.5275,3.5253,300,1
1,과학기술,사이버보안,18,18,3.5226,3.5176,200,1
1,과학기술,사이버보안,18,18,3.5157,3.4907,250,1
1,과학기술,사이버보안,18,18,3.4907,3.4759,300,1
1,과학기술,사이버보안,18,18,3.4610000000000003,3.4586,300,1
1,과학기술,사이버보안,18,18,3.4449,3.4128,300,1
0,과학기술,사이버보안,18,18,3.3966,3.3899,300,1
0,과학기술,사이버보안,18,18,3.3383,3.3246,300,0
0,과학기술,사이버보안,18,18,3.3211,3.2974,300,1
0,과학기술,사이버보안,18,18,3.2907,3.2907,300,0
0,과학기술,사이버보안,18,18,3.2892,3.2807,200,1
0,과학기술,사이버보안,18,18,3.2471,3.235,300,1
0,과학기술,사이버보안,18,18,3.2263,3.2181,300,1
0,과학기술,사이버보안,18,18,3.2153,3.1939,300,1
0,과학기술,사이버보안,18,18,3.1917,3.1917,300,1
0,과학기술,사이버보안,18,18,3.1917,3.152,300,1
0,과학기술,사이버보안,18,18,3.1437,3.139,300,1
0,과학기술,사이버보안,18,18,3.1180000000000003,3.1018,300,1
0,과학기술,사이버보안,18,18,3.0759,3.0605,300,1
0,과학기술,사이버보안,18,18,3.0592,2.9399,300,1
0,과학기술,사이버보안,18,18,2.7966,2.7647,300,1
0,과학기술,사이버보안,18,18,2.6802,2.6613,300,1
0,과학기술,사이버보안,18,18,2.6519,2.5801,300,1
0,과학기술,사이버보안,18,18,2.5616,2.5564,300,1
0,과학기술,사이버보안,18,18,2.5215,2.5198,150,1
0,과학기술,사이버보안,18,18,2.4945,2.4945,300,1
0,과학기술,사이버보안,18,18,2.3673,2.2767,300,1
0,과학기술,사이버보안,18,18,2.1652,1.9739,300,1
0,과학기술,사이버보안,18,12,1.9617,1.8929,300,1
0,과학기술,사이버보안,18,18,1.8592,1.6694,300,1
0,과학기술,사이버보안,18,18,1.6647,1.5136,300,1
0,과학기술,사이버보안,18,18,1.4784,1.4589,300,1
0,과학기술,사이버보안,18,18,1.4508,1.3895,300,1
0,과학기술,사이버보안,18,18,1.3717,1.3672,300,1
0,과학기술,사이버보안,18,18,1.3672,1.3647,300,1
0,과학기술,사이버보안,18,18,1.2351,1.2132,300,1
0,과학기술,사이버보안,18,15,1.185,1.1265,300,0
0,과학기술,사이버보안,18,18,1.1003,1.0255,300,1
1,과학기술,소프트웨어,18,18,4.4873,4.4873,300,1
1,과학기술,소프트웨어,18,18,4.3879,4.3879,300,1
1,과학기술,소프트웨어,18,18,4.3378,4.3301,300,1
1,과학기술,소프트웨어,18,18,4.3301,4.3268,250,0
1,과학기술,소프트웨어,18,18,4.3174,4.2806,300,1
1,과학기술,소프트웨어,18,18,4.2558,4.2119,50,1
1,과학기술,소프트웨어,18,18,4.2024,4.1706,300,1
1,과학기술,소프트웨어,18,18,4.1249,4.1076,300,1
1,과학기술,소프트웨어,18,18,4.0767,4.0767,300,1
1,과학기술,소프트웨어,18,18,4.0747,4.0697,300,1
1,과학기술,소프트웨어,18,18,4.0587,4.0386,300,1
1,과학기술,소프트웨어,18,18,3.9894,3.9638,300,1
1,과학기술,소프트웨어,18,18,3.9521,3.9457,300,1
1,과학기술,소프트웨어,18,18,3.9446,3.8907,300,1
1,과학기술,소프트웨어,18,18,3.884,3.8663,300,1
1,과학기술,소프트웨어,18,18,3.8346,3.83,300,1
1,과학기술,소프트웨어,18,18,3.8193,3.7895,200,1
1,과학기술,소프트웨어,18,18,3.7767,3.7561,300,1
1,과학기술,소프트웨어,18,18,3.7494,3.7326,50,1
1,과학기술,소프트웨어,18,18,3.7262,3.6946,300,0
1,과학기술,소프트웨어,18,18,3.6934,3.6594,300,1
1,과학기술,소프트웨어,18,18,3.6594,3.6466,200,1
1,과학기술,소프트웨어,18,18,3.6238,3.6135,300,1
1,과학기술,소프트웨어,18,18,3.5878,3.5873,300,1
1,과학기술,소프트웨어,18,18,3.5777,3.5578,200,1
1,과학기술,소프트웨어,18,18,3.5424,3.5226,300,1
1,과학기술,소프트웨어,18,18,3.5176,3.4759,300,1
1,과학기술,소프트웨어,18,18,3.4715,3.4606,250,1
1,과학기술,소프트웨어,18,18,3.4586,3.4449,300,1
1,과학기술,소프트웨어,18,18,3.4449,3.4117,300,1
1,과학기술,소프트웨어,18,18,3.4117,3.3645,300,1
1,과학기술,소프트웨어,18,18,3.361,3.3431,300,1
1,과학기술,소프트웨어,18,18,3.3246,3.318,300,1
0,과학기술,소프트웨어,18,18,3.2907,3.2856,300,1
0,과학기술,소프트웨어,18,15,3.2705,3.2495,300,1
0,과학기술,소프트웨어,18,18,3.2386,3.2386,300,0
0,과학기술,소프트웨어,12,18,3.2181,3.2153,300,1
0,과학기술,소프트웨어,15,18,3.2153,3.2144,100,1
0,과학기술,소프트웨어,18,18,3.2108,3.1576,300,1
0,과학기술,소프트웨어,18,18,3.1437,3.1367,250,1
0,과학기술,소프트웨어,18,18,3.1180000000000003,3.0812,300,1
0,과학기술,소프트웨어,18,18,3.0773,3.0759,300,1
0,과학기술,소프트웨어,18,18,3.0605,3.0541,300,1
0,과학기술,소프트웨어,18,18,3.0415,3.0415,50,1
0,과학기술,소프트웨어,18,18,3.0371,3.0371,300,1
0,과학기술,소프트웨어,18,18,3.0265,2.9399,100,1
0,과학기술,소프트웨어,18,18,2.9114,2.9106,100,1
0,과학기술,소프트웨어,18,18,2.9006,2.8771,300,1
0,과학기술,소프트웨어,18,18,2.5859,2.5616,300,0
0,과학기술,소프트웨어,18,18,2.5465,2.5215,250,1
0,과학기술,소프트웨어,18,18,2.5198,2.3673,300,1
0,과학기술,소프트웨어,18,18,2.2767,2.2172,300,1
0,과학기술,소프트웨어,18,18,2.2012,2.1652,300,1
0,과학기술,소프트웨어,18,18,2.1168,2.0789,300,1
0,과학기술,소프트웨어,18,18,2.0758,2.0758,300,1
0,과학기술,소프트웨어,18,18,2.0378,1.8895,300,1
0,과학기술,소프트웨어,18,18,1.8275,1.8028,300,1
0,과학기술,소프트웨어,18,18,1.7504,1.6726,300,1
0,과학기술,소프트웨어,18,18,1.6595,1.6595,300,1
0,과학기술,소프트웨어,18,18,1.6298,1.5696,300,1
0,과학기술,소프트웨어,18,18,1.4801,1.4589,300,1
0,과학기술,소프트웨어,15,18,1.4589,1.3756,300,1
0,과학기술,소프트웨어,15,18,1.2501,1.2351,300,1
0,과학기술,소프트웨어,18,18,1.2132,1.185,300,1
0,과학기술,소프트웨어,18,18,1.0698,1.0698,300,1
1,과학기술,바이오공학,18,18,4.4999,4.4846,300,1
1,과학기술,바이오공학,18,18,4.4765,4.4765,300,1
1,과학기술,바이오공학,18,18,4.4729,4.4697,300,1
1,과학기술,바이오공학,15,18,4.4546,4.4105,300,1
1,과학기술,바이오공학,18,18,4.3897,4.3787,300,1
1,과학기술,바이오공학,18,18,4.3787,4.3249,250,1
1,과학기술,바이오공학,18,18,4.3249,4.2911,300,0
1,과학기술,바이오공학,18,18,4.2717,4.2128,300,1
1,과학기술,바이오공학,18,18,4.2037,4.2024,300,1
1,과학기술,바이오공학,18,18,4.1706,4.1588,300,1
1,과학기술,바이오공학,18,18,4.1308,4.1308,300,1
1,과학기술,바이오공학,18,18,4.0709,4.0654,200,1
1,과학기술,바이오공학,18,18,4.0587,4.0381,300,1
1,과학기술,바이오공학,18,18,4.0276,3.986,300,1
1,과학기술,바이오공학,18,18,3.9813,3.9681,300,1
1,과학기술,바이오공학,18,18,3.9638,3.9554,300,1
1,과학기술,바이오공학,15,18,3.9521,3.9521,300,1
1,과학기술,바이오공학,18,18,3.9446,3.9446,300,1
1,과학기술,바이오공학,18,18,3.9233,3.914,300,1
1,과학기술,바이오공학,18,12,3.9019,3.9019,250,1
1,과학기술,바이오공학,18,18,3.9016,3.8757,300,1
1,과학기술,바이오공학,18,18,3.8405,3.8405,300,1
1,과학기술,바이오공학,18,18,3.8382,3.8346,300,1
1,과학기술,바이오공학,18,18,3.729,3.729,300,1
1,과학기술,바이오공학,18,18,3.6946,3.6731,300,1
1,과학기술,바이오공학,18,18,3.6631,3.637,150,1
1,과학기술,바이오공학,18,18,3.6358,3.6024,250,1
1,과학기술,바이오공학,18,18,3.6024,3.6024,300,1
1,과학기술,바이오공학,18,18,3.5912,3.5878,300,1
1,과학기술,바이오공학,18,18,3.5777,3.5578,300,1
1,과학기술,바이오공학,18,18,3.5275,3.5224,300,1
1,과학기술,바이오공학,18,18,3.5176,3.5002,250,1
1,과학기술,바이오공학,18,18,3.5002,3.5002,200,1
1,과학기술,바이오공학,18,18,3.4759,3.4715,300,1
1,과학기술,바이오공학,18,18,3.4610000000000003,3.4586,100,1
0,과학기술,바이오공학,18,12,3.3899,3.361,300,1
0,과학기술,바이오공학,18,18,3.3484,3.3431,300,1
0,과학기술,바이오공학,18,18,3.3431,3.2856,150,1
0,과학기술,바이오공학,18,18,3.2807,3.2705,300,0
0,과학기술,바이오공학,18,18,3.2282,3.2181,300,1
0,과학기술,바이오공학,18,15,3.2181,3.2001,300,1
0,과학기술,바이오공학,18,18,3.139,3.1018,300,1
0,과학기술,바이오공학,18,18,3.0968,3.0812,50,1
0,과학기술,바이오공학,18,18,3.0759,3.0541,300,1
0,과학기술,바이오공학,18,18,3.0451,2.9114,300,1
0,과학기술,바이오공학,18,18,2.9006,2.8771,300,1
0,과학기술,바이오공학,18,18,2.7998,2.7998,300,1
0,과학기술,바이오공학,18,18,2.7966,2.6802,300,1
0,과학기술,바이오공학,18,18,2.6613,2.5859,300,1
0,과학기술,바이오공학,18,18,2.5859,2.5801,300,1
0,과학기술,바이오공학,18,18,2.5564,2.5564,100,1
0,과학기술,바이오공학,18,18,2.5215,2.4197,300,1
0,과학기술,바이오공학,18,18,2.2213,2.2213,300,1
0,과학기술,바이오공학,18,18,2.2086,2.2012,300,0
0,과학기술,바이오공학,18,18,2.1205,2.1205,300,1
0,과학기술,바이오공학,18,18,2.0789,2.0758,300,1
0,과학기술,바이오공학,18,18,2.0361,1.9739,300,1
0,과학기술,바이오공학,18,18,1.8895,1.8592,300,1
0,과학기술,바이오공학,18,18,1.7797,1.7778,300,1
0,과학기술,바이오공학,18,18,1.7715,1.7715,300,1
0,과학기술,바이오공학,18,18,1.7715,1.7504,300,1
0,과학기술,바이오공학,18,18,1.7316,1.6758,0,1
0,과학기술,바이오공학,18,18,1.6726,1.6694,300,1
0,과학기술,바이오공학,18,18,1.6298,1.6069,300,1
0,과학기술,바이오공학,18,18,1.4808,1.442,300,1
0,과학기술,바이오공학,18,18,1.442,1.394,300,1
0,과학기술,바이오공학,18,18,1.3361,1.321,300,0
0,과학기술,바이오공학,12,18,1.2983,1.2983,200,1
0,과학기술,바이오공학,18,18,1.2132,1.185,300,1
0,과학기술,바이오공학,18,18,1.185,1.1003,50,1
0,과학기술,바이오공학,18,18,1.0979,1.097,300,1
0,과학기술,바이오공학,18,18,1.097,1.097,300,1
1,과학기술,수학,18,18,4.4879,4.4697,300,1
1,과학기술,수학,18,18,4.385,4.3451,300,1
1,과학기술,수학,18,18,4.2911,4.2806,300,1
1,과학기술,수학,18,18,4.2806,4.2558,300,1
1,과학기술,수학,18,18,4.2432,4.2128,150,1
1,과학기술,수학,18,18,4.2128,4.185,300,1
1,과학기술,수학,18,18,4.0908,4.0873,300,1
1,과학기술,수학,18,18,4.0709,4.0697,300,1
1,과학기술,수학,18,18,4.0386,3.9813,300,1
1,과학기술,수학,18,15,3.914,3.8905,300,1
1,과학기술,수학,18,18,3.884,3.8757,300,1
1,과학기술,수학,18,18,3.8483,3.8364,300,1
1,과학기술,수학,18,18,3.8346,3.8304,300,1
1,과학기술,수학,18,18,3.8193,3.7843,250,1
1,과학기술,수학,18,18,3.7843,3.7751,50,1
1,과학기술,수학,18,18,3.7561,3.7326,300,1
1,과학기술,수학,15,18,3.7326,3.6837,300,1
1,과학기술,수학,18,18,3.6731,3.6712,300,1
1,과학기술,수학,18,18,3.6135,3.5424,300,1
1,과학기술,수학,18,18,3.5253,3.5251,300,1
1,과학기술,수학,18,18,3.5224,3.4907,50,1
1,과학기술,수학,18,18,3.4744,3.4715,300,0
1,과학기술,수학,18,18,3.4403,3.4024,300,1
1,과학기술,수학,18,18,3.3966,3.3899,300,1
1,과학기술,수학,18,18,3.3484,3.3383,300,1
1,과학기술,수학,18,18,3.3141,3.31,300,1
1,과학기술,수학,18,18,3.2907,3.2856,300,1
1,과학기술,수학,18,18,3.2495,3.2386,300,1
1,과학기술,수학,18,18,3.2282,3.2263,300,1
1,과학기술,수학,18,18,3.2108,3.2001,300,1
1,과학기술,수학,18,18,3.1571,3.0605,300,1
1,과학기술,수학,15,18,3.0592,3.0451,300,1
1,과학기술,수학,18,18,3.0265,2.8686,300,1
1,과학기술,수학,18,18,2.758,2.758,300,1
1,과학기술,수학,18,18,2.7304,2.7304,300,1
1,과학기술,수학,18,15,2.7015,2.7015,300,1
1,과학기술,수학,18,18,2.6802,2.2237,300,1
1,과학기술,수학,18,18,2.0376,2.0361,300,1
1,과학기술,수학,18,18,1.9961,1.9739,300,1
0,과학기술,수학,18,18,1.8971,1.8592,300,1
0,과학기술,수학,18,18,1.8303,1.8303,300,1
0,과학기술,수학,18,18,1.7797,1.6758,300,1
0,과학기술,수학,18,12,1.6718,1.5731,300,1
0,과학기술,수학,18,18,1.5136,1.4801,50,1
0,과학기술,수학,18,18,1.4604,1.4508,250,1
0,과학기술,수학,18,18,1.442,1.394,300,1
0,과학기술,수학,18,18,1.3717,1.2365,300,0
0,과학기술,수학,18,18,1.1265,1.0698,300,1
1,과학기술,정보통계학,18,18,4.4105,4.4105,300,1
1,과학기술,정보통계학,18,18,4.3451,4.3346,300,1
1,과학기술,정보통계학,18,15,4.3301,4.3024,300,0
1,과학기술,정보통계학,18,18,4.3024,4.2911,300,1
1,과학기술,정보통계학,18,18,4.2859,4.2355,50,1
1,과학기술,정보통계학,18,18,4.2355,4.2213,200,1
1,과학기술,정보통계학,18,18,4.1249,4.0767,200,1
1,과학기술,정보통계학,18,18,4.0654,4.0292,300,0
1,과학기술,정보통계학,18,18,4.0276,4.0118,300,1
1,과학기술,정보통계학,18,18,3.9981,3.97,300,1
1,과학기술,정보통계학,18,18,3.9681,3.9646,300,1
1,과학기술,정보통계학,18,18,3.9521,3.9457,150,1
1,과학기술,정보통계학,18,18,3.9233,3.9019,300,1
1,과학기술,정보통계학,18,18,3.8907,3.8907,300,1
1,과학기술,정보통계학,18,18,3.8757,3.8721,300,1
1,과학기술,정보통계학,18,18,3.8663,3.8454,200,1
1,과학기술,정보통계학,18,18,3.8454,3.8346,300,1
1,과학기술,정보통계학,18,18,3.83,3.7993,300,1
1,과학기술,정보통계학,15,18,3.7895,3.7751,300,1
1,과학기술,정보통계학,18,18,3.7561,3.7494,100,1
1,과학기술,정보통계학,18,18,3.7484,3.7156,300,1
1,과학기술,정보통계학,18,18,3.6946,3.6837,300,1
1,과학기술,정보통계학,18,18,3.6712,3.6619,300,1
1,과학기술,정보통계학,18,18,3.6594,3.6594,300,1
1,과학기술,정보통계학,18,18,3.637,3.6024,300,1
1,과학기술,정보통계학,18,18,3.5878,3.5275,0,1
1,과학기술,정보통계학,18,18,3.5253,3.5251,300,0
1,과학기술,정보통계학,18,18,3.5251,3.5176,300,1
1,과학기술,정보통계학,18,18,3.4759,3.4586,300,1
1,과학기술,정보통계학,18,18,3.4117,3.4117,300,1
1,과학기술,정보통계학,18,18,3.4024,3.3966,300,1
1,과학기술,정보통계학,18,18,3.3552,3.3552,300,1
1,과학기술,정보통계학,18,18,3.3141,3.31,100,1
1,과학기술,정보통계학,18,18,3.2892,3.2807,300,1
1,과학기술,정보통계학,18,18,3.2705,3.2705,300,1
1,과학기술,정보통계학,18,12,3.2282,3.2108,300,1
1,과학기술,정보통계학,18,18,3.1939,3.1571,300,1
1,과학기술,정보통계학,18,18,3.1180000000000003,3.0968,300,0
1,과학기술,정보통계학,15,18,3.0812,3.0371,300,1
0,과학기술,정보통계학,18,18,2.9526,2.9399,300,1
0,과학기술,정보통계학,18,18,2.9006,2.7166,50,1
0,과학기술,정보통계학,18,18,2.7166,2.7015,50,1
0,과학기술,정보통계학,18,18,2.5796,2.5616,300,1
0,과학기술,정보통계학,18,18,2.5465,2.5395,300,0
0,과학기술,정보통계학,18,18,2.5395,2.5198,300,1
0,과학기술,정보통계학,18,18,2.4197,2.4197,300,1
0,과학기술,정보통계학,18,18,2.3919,2.2392,300,1
0,과학기술,정보통계학,18,18,2.2086,2.2086,300,1
0,과학기술,정보통계학,18,18,2.2079,2.1168,150,1
0,과학기술,정보통계학,18,18,2.1168,2.0378,300,1
0,과학기술,정보통계학,15,18,1.9961,1.8971,300,1
0,과학기술,정보통계학,12,18,1.8028,1.6758,300,1
0,과학기술,정보통계학,18,18,1.6718,1.6694,300,0
0,과학기술,정보통계학,18,18,1.6647,1.6298,50,0
0,과학기술,정보통계학,18,18,1.5898,1.5136,300,1
0,과학기술,정보통계학,18,18,1.4801,1.3895,300,1
0,과학기술,정보통계학,18,18,1.3717,1.3672,300,1
0,과학기술,정보통계학,18,18,1.3647,1.321,300,0
0,과학기술,정보통계학,18,18,1.2365,1.0255,300,1
1,과학기술,화학,18,18,4.4873,4.4765,300,1
1,과학기술,화학,15,18,4.3897,4.385,300,1
1,과학기술,화학,18,18,4.385,4.352,250,1
1,과학기술,화학,18,18,4.3378,4.3268,300,1
1,과학기술,화학,18,18,4.2432,4.2119,150,1
1,과학기술,화학,18,18,4.2091,4.185,300,1
1,과학기술,화학,18,18,4.1588,4.0908,250,1
1,과학기술,화학,18,18,4.0873,4.0386,300,1
1,과학기술,화학,18,18,4.0292,4.0276,300,1
1,과학기술,화학,18,18,4.0214,4.0118,300,1
1,과학기술,화학,18,18,3.9981,3.9813,100,1
1,과학기술,화학,18,18,3.97,3.9681,300,1
1,과학기술,화학,18,18,3.9549,3.9549,300,1
1,과학기술,화학,18,18,3.9233,3.914,300,1
1,과학기술,화학,18,18,3.8905,3.884,300,1
1,과학기술,화학,18,18,3.8483,3.8304,300,1
1,과학기술,화학,18,18,3.7993,3.7895,300,1
1,과학기술,화학,18,18,3.7767,3.7767,300,1
1,과학기술,화학,18,18,3.7751,3.7494,300,1
1,과학기술,화학,18,18,3.7484,3.6784,300,1
1,과학기술,화학,18,18,3.6748,3.667,300,1
1,과학기술,화학,18,18,3.6619,3.637,300,1
1,과학기술,화학,12,18,3.6358,3.6248,0,1
1,과학기술,화학,18,18,3.6248,3.6238,300,1
1,과학기술,화학,18,18,3.5912,3.5873,150,1
1,과학기술,화학,18,18,3.5777,3.5578,300,1
1,과학기술,화학,18,18,3.5275,3.5253,200,1
1,과학기술,화학,18,18,3.5226,3.5224,300,1
1,과학기술,화학,18,18,3.5224,3.4744,300,1
1,과학기술,화학,18,18,3.4610000000000003,3.4606,300,1
1,과학기술,화학,18,18,3.432,3.3874,300,1
1,과학기술,화학,18,18,3.3874,3.3711,300,1
1,과학기술,화학,18,18,3.3645,3.3246,300,1
1,과학기술,화학,18,18,3.318,3.3141,300,1
1,과학기술,화학,18,18,3.2892,3.2263,200,1
1,과학기술,화학,18,18,3.2144,3.2001,300,1
1,과학기술,화학,18,18,3.0773,3.0759,100,1
1,과학기술,화학,18,18,3.0371,2.9526,300,1
1,과학기술,화학,18,18,2.9106,2.8771,300,0
0,과학기술,화학,18,18,2.8686,2.7647,0,1
0,과학기술,화학,18,18,2.757,2.7166,300,1
0,과학기술,화학,18,18,2.6519,2.5465,300,1
0,과학기술,화학,18,18,2.5215,2.5198,250,1
0,과학기술,화학,18,18,2.4945,2.3919,300,1
0,과학기술,화학,18,18,2.3904,2.3673,300,1
0,과학기술,화학,18,18,2.2392,2.2392,300,1
0,과학기술,화학,18,18,2.2237,2.174,300,1
0,과학기술,화학,18,18,2.1205,1.9961,300,1
0,과학기술,화학,18,18,1.9739,1.9617,300,1
0,과학기술,화학,18,18,1.8971,1.8895,200,1
0,과학기술,화학,18,18,1.8592,1.8028,300,1
0,과학기술,화학,18,18,1.7797,1.7797,300,1
0,과학기술,화학,18,18,1.7316,1.6726,300,1
0,과학기술,화학,18,18,1.6298,1.5898,300,1
0,과학기술,화학,12,18,1.5747,1.5731,300,1
0,과학기술,화학,18,18,1.5696,1.4808,300,1
0,과학기술,화학,18,18,1.4604,1.4251,300,1
0,과학기술,화학,18,18,1.4251,1.3756,200,1
0,과학기술,화학,18,18,1.3717,1.3361,300,0
0,과학기술,화학,18,18,1.3361,1.3173,300,1
0,과학기술,화학,18,18,1.2501,1.1062,300,1
0,과학기술,화학,18,18,1.1062,1.1003,300,1
1,과학기술,식품영양학,18,18,4.4999,4.4729,200,1
1,과학기술,식품영양학,18,18,4.4546,4.385,300,1
1,과학기술,식품영양학,18,18,4.3365,4.3249,300,1
1,과학기술,식품영양학,18,18,4.2859,4.2794,100,1
1,과학기술,식품영양학,18,18,4.2648,4.2567,300,1
1,과학기술,식품영양학,18,18,4.2567,4.2213,300,1
1,과학기술,식품영양학,18,18,4.2119,4.2091,300,1
1,과학기술,식품영양학,18,18,4.2091,4.185,300,1
1,과학기술,식품영양학,18,18,4.185,4.1799,250,1
1,과학기술,식품영양학,18,18,4.148,4.1249,300,1
1,과학기술,식품영양학,18,18,4.1076,4.0908,100,1
1,과학기술,식품영양학,18,18,4.0908,4.0873,300,1
1,과학기술,식품영양학,18,18,4.0873,4.0587,300,1
1,과학기술,식품영양학,18,18,4.0386,4.0381,300,1
1,과학기술,식품영양학,18,15,3.986,3.986,300,1
1,과학기술,식품영양학,18,18,3.9813,3.9646,200,1
1,과학기술,식품영양학,18,18,3.9591,3.9591,300,1
1,과학기술,식품영양학,18,18,3.9303,3.9019,300,1
1,과학기술,식품영양학,18,15,3.8757,3.8635,300,1
1,과학기술,식품영양학,18,18,3.8483,3.8382,300,1
1,과학기술,식품영양학,18,18,3.8364,3.8364,300,1
1,과학기술,식품영양학,18,18,3.8304,3.8193,300,1
1,과학기술,식품영양학,18,18,3.7993,3.7751,250,1
1,과학기술,식품영양학,18,18,3.7587,3.7326,300,1
1,과학기술,식품영양학,18,18,3.729,3.7156,300,1
1,과학기술,식품영양학,18,15,3.6946,3.667,300,1
1,과학기술,식품영양학,18,18,3.6631,3.6619,150,1
1,과학기술,식품영양학,18,18,3.6317,3.6248,300,1
1,과학기술,식품영양학,18,12,3.6248,3.6238,300,1
1,과학기술,식품영양학,18,18,3.6228,3.6135,150,1
1,과학기술,식품영양학,18,18,3.5912,3.5157,300,1
1,과학기술,식품영양학,18,18,3.4715,3.4606,300,1
1,과학기술,식품영양학,18,18,3.432,3.432,300,0
1,과학기술,식품영양학,18,18,3.3764,3.3711,300,1
1,과학기술,식품영양학,18,18,3.3552,3.3383,150,1
1,과학기술,식품영양학,18,18,3.2974,3.2471,300,1
1,과학기술,식품영양학,18,18,3.2153,3.1576,300,1
1,과학기술,식품영양학,18,18,3.1437,3.1322,200,1
1,과학기술,식품영양학,18,18,3.1018,3.1018,300,1
1,과학기술,식품영양학,18,18,3.0415,2.9526,300,1
1,과학기술,식품영양학,18,18,2.9006,2.757,300,1
1,과학기술,식품영양학,18,18,2.7304,2.7015,300,1
1,과학기술,식품영양학,18,18,2.6613,2.6519,300,1
1,과학기술,식품영양학,18,18,2.5801,2.5796,300,1
1,과학기술,식품영양학,18,18,2.3919,2.3673,300,1
1,과학기술,식품영양학,18,18,2.2767,2.2392,300,1
1,과학기술,식품영양학,18,18,2.2237,2.2213,250,1
1,과학기술,식품영양학,18,18,2.2213,2.2172,300,1
1,과학기술,식품영양학,18,15,2.2172,2.2079,300,0
1,과학기술,식품영양학,18,18,2.2079,2.2012,300,1
1,과학기술,식품영양학,18,18,2.1652,2.0789,300,1
1,과학기술,식품영양학,18,18,1.9963,1.9617,100,1
1,과학기술,식품영양학,18,18,1.9617,1.8971,300,1
1,과학기술,식품영양학,18,18,1.8929,1.8929,300,1
1,과학기술,식품영양학,18,18,1.8895,1.8275,300,1
1,과학기술,식품영양학,18,18,1.6758,1.6595,50,1
1,과학기술,식품영양학,18,18,1.5731,1.4508,300,1
1,과학기술,식품영양학,18,18,1.394,1.3756,150,1
1,과학기술,식품영양학,18,18,1.1265,1.1265,300,1
1,과학기술,식품영양학,18,18,1.097,1.0969,300,1
1,과학기술,생활체육학,18,18,4.4697,4.4697,300,1
1,과학기술,생활체육학,18,18,4.4105,4.3346,300,1
1,과학기술,생활체육학,18,18,4.3268,4.2911,300,1
1,과학기술,생활체육학,18,18,4.2794,4.2717,300,1
1,과학기술,생활체육학,18,18,4.2648,4.2648,300,1
1,과학기술,생활체육학,18,18,4.2558,4.2213,300,1
1,과학기술,생활체육학,18,18,4.2128,4.2119,150,1
1,과학기술,생활체육학,18,18,4.2037,4.1799,300,1
1,과학기술,생활체육학,18,18,4.148,4.1249,300,1
1,과학기술,생활체육학,15,18,4.1076,4.0709,300,1
1,과학기술,생활체육학,18,18,4.0697,4.0654,300,1
1,과학기술,생활체육학,18,18,4.0654,4.0622,300,1
1,과학기술,생활체육학,18,18,4.0381,4.0292,250,1
1,과학기술,생활체육학,18,18,4.0276,4.0118,300,1
1,과학기술,생활체육학,18,18,3.9894,3.9646,250,1
1,과학기술,생활체육학,18,18,3.9554,3.9549,300,1
1,과학기술,생활체육학,18,18,3.9446,3.9303,300,1
1,과학기술,생활체육학,18,18,3.914,3.8905,300,1
1,과학기술,생활체육학,18,18,3.884,3.8635,300,1
1,과학기술,생활체육학,18,18,3.8454,3.8382,300,1
1,과학기술,생활체육학,18,18,3.8382,3.83,300,1
1,과학기술,생활체육학,18,18,3.8246,3.8246,300,1
1,과학기술,생활체육학,18,18,3.7993,3.7843,300,1
1,과학기술,생활체육학,18,18,3.7262,3.7262,300,1
1,과학기술,생활체육학,18,18,3.6934,3.6748,300,1
1,과학기술,생활체육학,18,18,3.6712,3.667,300,1
1,과학기술,생활체육학,18,18,3.6466,3.6466,300,0
0,과학기술,생활체육학,18,18,3.6228,3.5777,100,1
0,과학기술,생활체육학,18,18,3.5777,3.5333,300,1
0,과학기술,생활체육학,18,18,3.5251,3.5226,300,1
0,과학기술,생활체육학,18,18,3.5157,3.5157,300,1
0,과학기술,생활체육학,18,18,3.4403,3.4128,300,1
0,과학기술,생활체육학,18,18,3.4024,3.3874,300,1
0,과학기술,생활체육학,18,18,3.3874,3.3764,50,1
0,과학기술,생활체육학,18,18,3.3764,3.3711,300,1
0,과학기술,생활체육학,18,18,3.3711,3.3645,300,1
0,과학기술,생활체육학,18,18,3.3211,3.3141,300,1
0,과학기술,생활체육학,18,18,3.31,3.31,300,1
0,과학기술,생활체육학,18,18,3.2974,3.2856,250,1
0,과학기술,생활체육학,18,18,3.2807,3.2471,300,1
0,과학기술,생활체육학,18,18,3.2282,3.2263,200,1
0,과학기술,생활체육학,18,18,3.2144,3.2144,150,1
0,과학기술,생활체육학,18,18,3.2108,3.1576,300,1
0,과학기술,생활체육학,18,18,3.139,3.139,300,1
0,과학기술,생활체육학,18,18,3.1367,3.1322,300,1
0,과학기술,생활체육학,18,15,3.0773,3.0605,300,1
0,과학기술,생활체육학,18,18,3.0592,3.0451,300,1
0,과학기술,생활체육학,18,18,3.0415,3.0265,300,1
0,과학기술,생활체육학,15,18,3.0265,2.9825,300,1
0,과학기술,생활체육학,18,18,2.9825,2.9519,300,1
0,과학기술,생활체육학,18,18,2.8686,2.7998,150,1
0,과학기술,생활체육학,18,18,2.758,2.758,300,1
0,과학기술,생활체육학,18,18,2.757,2.6519,300,1
0,과학기술,생활체육학,18,18,2.5395,2.3904,300,1
0,과학기술,생활체육학,18,18,2.2172,2.2086,300,1
0,과학기술,생활체육학,18,18,2.2012,2.174,300,1
0,과학기술,생활체육학,18,18,2.1168,2.0789,300,0
0,과학기술,생활체육학,18,18,2.0758,2.0361,300,1
0,과학기술,생활체육학,18,18,1.9963,1.9961,300,1
0,과학기술,생활체육학,18,18,1.8929,1.8275,300,1
0,과학기술,생활체육학,18,18,1.7778,1.7504,300,1
0,과학기술,생활체육학,12,18,1.6718,1.6647,300,1
0,과학기술,생활체육학,18,18,1.6069,1.6069,300,1
0,과학기술,생활체육학,18,18,1.5747,1.4808,250,1
0,과학기술,생활체육학,18,18,1.4801,1.4604,300,1
0,과학기술,생활체육학,18,18,1.4604,1.442,300,1
0,과학기술,생활체육학,18,18,1.4251,1.3895,300,1
0,과학기술,생활체육학,18,18,1.3895,1.3173,300,1
0,과학기술,생활체육학,18,18,1.2351,1.1062,300,1
0,과학기술,생활체육학,18,18,1.1003,1.0979,300,1
0,과학기술,생활체육학,18,18,1.0031,1.0031,300,1
1,글로벌융합,국어국문학,18,12,4.9999,4.4975,300,1
1,글로벌융합,국어국문학,18,18,4.4975,4.4966,300,1
1,글로벌융합,국어국문학,18,18,4.4704,4.4704,300,1
1,글로벌융합,국어국문학,18,18,4.4655,4.4655,100,1
1,글로벌융합,국어국문학,18,18,4.447,4.4460000000000015,300,1
1,글로벌융합,국어국문학,18,18,4.4134,4.4023,200,1
1,글로벌융합,국어국문학,18,18,4.3998,4.398,300,1
1,글로벌융합,국어국문학,18,18,4.3259,4.3193,300,1
1,글로벌융합,국어국문학,18,18,4.3193,4.3116,300,1
1,글로벌융합,국어국문학,18,18,4.3092,4.3046,300,1
1,글로벌융합,국어국문학,18,18,4.2798,4.2782,300,1
1,글로벌융합,국어국문학,18,18,4.2651,4.2594,50,1
1,글로벌융합,국어국문학,18,18,4.2594,4.2231,300,1
1,글로벌융합,국어국문학,18,15,4.2017,4.192,150,1
1,글로벌융합,국어국문학,18,18,4.1186,4.0315,300,0
1,글로벌융합,국어국문학,18,18,4.0291,4.0085,300,1
1,글로벌융합,국어국문학,18,18,4.0075,3.9933,300,1
1,글로벌융합,국어국문학,18,18,3.9735,3.9708,300,1
1,글로벌융합,국어국문학,18,18,3.9633,3.9292,300,1
1,글로벌융합,국어국문학,18,18,3.9174,3.9167,300,0
1,글로벌융합,국어국문학,18,18,3.9151,3.9143,0,1
1,글로벌융합,국어국문학,18,18,3.9143,3.8654,150,1
1,글로벌융합,국어국문학,18,18,3.8576,3.8322,300,1
1,글로벌융합,국어국문학,18,18,3.7983,3.7983,300,1
1,글로벌융합,국어국문학,18,18,3.7827,3.7745,300,1
1,글로벌융합,국어국문학,18,18,3.7389,3.7347,300,1
1,글로벌융합,국어국문학,18,18,3.7173,3.7057,300,0
1,글로벌융합,국어국문학,18,18,3.6161,3.6004,50,1
1,글로벌융합,국어국문학,18,18,3.5916,3.5592,250,1
1,글로벌융합,국어국문학,18,18,3.5556,3.5556,150,1
1,글로벌융합,국어국문학,18,18,3.5556,3.5519,300,0
1,글로벌융합,국어국문학,12,18,3.5211,3.5142,300,1
1,글로벌융합,국어국문학,18,18,3.4969,3.4411,300,1
1,글로벌융합,국어국문학,18,18,3.4402,3.4338,300,1
1,글로벌융합,국어국문학,18,18,3.4338,3.4052,300,1
0,글로벌융합,국어국문학,18,18,3.4034,3.3146,300,1
0,글로벌융합,국어국문학,18,18,3.3016,3.3016,300,1
0,글로벌융합,국어국문학,15,18,3.2981,3.2892,300,1
0,글로벌융합,국어국문학,18,18,3.2868,3.2195,300,1
0,글로벌융합,국어국문학,18,18,3.1703,3.1339,250,1
0,글로벌융합,국어국문학,18,18,3.1239,3.0977,150,0
0,글로벌융합,국어국문학,18,18,3.0544,3.0193,300,1
0,글로벌융합,국어국문학,18,18,3.0052,2.9158,300,1
0,글로벌융합,국어국문학,18,18,2.8631,2.8073,300,1
0,글로벌융합,국어국문학,18,18,2.7657,2.6796,300,1
0,글로벌융합,국어국문학,18,18,2.6074,2.5697,300,1
0,글로벌융합,국어국문학,18,18,2.4857,2.3672,300,1
0,글로벌융합,국어국문학,18,18,2.2517,2.2394,250,1
0,글로벌융합,국어국문학,18,18,2.0734,2.0594,300,1
0,글로벌융합,국어국문학,18,18,1.599,1.473,150,1
0,글로벌융합,국어국문학,18,18,1.4173,1.4024,300,1
0,글로벌융합,국어국문학,18,18,1.168,1.1295,300,1
0,글로벌융합,국어국문학,18,18,1.0741,1.0004,300,1
1,글로벌융합,일어일문학,18,18,4.4724,4.457,300,1
1,글로벌융합,일어일문학,18,18,4.457,4.447,300,1
1,글로벌융합,일어일문학,18,18,4.4049,4.3956,300,1
1,글로벌융합,일어일문학,18,18,4.3793,4.3793,300,1
1,글로벌융합,일어일문학,18,18,4.3728,4.3673,300,1
1,글로벌융합,일어일문학,18,18,4.3445,4.327,300,1
1,글로벌융합,일어일문학,18,18,4.2798,4.2732,200,1
1,글로벌융합,일어일문학,18,18,4.2651,4.2651,300,0
1,글로벌융합,일어일문학,18,18,4.2594,4.2421,300,1
1,글로벌융합,일어일문학,18,18,4.2231,4.2166,300,1
1,글로벌융합,일어일문학,18,18,4.2077,4.1858,300,1
1,글로벌융합,일어일문학,15,15,4.1779,4.1605,200,1
1,글로벌융합,일어일문학,18,18,4.1555,4.1227,150,1
1,글로벌융합,일어일문학,15,18,4.1213,4.1143,300,1
1,글로벌융합,일어일문학,18,18,4.0926,4.0751,300,1
1,글로벌융합,일어일문학,18,18,4.0751,4.0697,300,1
1,글로벌융합,일어일문학,18,18,4.0676,4.0609,300,1
1,글로벌융합,일어일문학,18,18,4.0427,4.0258,300,1
1,글로벌융합,일어일문학,18,18,4.0189,3.9841,300,1
1,글로벌융합,일어일문학,18,18,3.9735,3.9615,300,1
1,글로벌융합,일어일문학,18,18,3.9615,3.9524,300,1
1,글로벌융합,일어일문학,18,18,3.8322,3.7827,300,1
1,글로벌융합,일어일문학,18,18,3.7778,3.7719,300,1
1,글로벌융합,일어일문학,18,15,3.7434,3.7434,300,1
1,글로벌융합,일어일문학,18,18,3.735,3.735,300,1
1,글로벌융합,일어일문학,18,18,3.731,3.681,300,1
1,글로벌융합,일어일문학,18,18,3.681,3.6784,300,1
1,글로벌융합,일어일문학,18,18,3.6599,3.636,300,1
1,글로벌융합,일어일문학,18,18,3.6161,3.5516,300,1
1,글로벌융합,일어일문학,18,18,3.5258,3.5211,250,1
1,글로벌융합,일어일문학,18,18,3.5186,3.4969,300,1
1,글로벌융합,일어일문학,18,18,3.462,3.4492,300,1
1,글로벌융합,일어일문학,18,18,3.4426,3.4034,300,1
1,글로벌융합,일어일문학,18,18,3.3972,3.3934,300,1
1,글로벌융합,일어일문학,18,18,3.3533,3.3385,200,1
1,글로벌융합,일어일문학,18,18,3.3134,3.3105,250,1
1,글로벌융합,일어일문학,18,18,3.2979,3.2942,50,1
0,글로벌융합,일어일문학,18,18,3.2871,3.228,300,1
0,글로벌융합,일어일문학,18,18,3.1614,3.1557,300,1
0,글로벌융합,일어일문학,18,18,3.1486,3.1237,300,1
0,글로벌융합,일어일문학,18,18,3.0735,2.8195,50,1
0,글로벌융합,일어일문학,18,18,2.6605,2.5131,200,1
0,글로벌융합,일어일문학,18,18,2.4176,2.2424,300,1
0,글로벌융합,일어일문학,18,18,2.1486,2.1263,300,1
0,글로벌융합,일어일문학,18,18,2.0734,2.0651,300,1
0,글로벌융합,일어일문학,18,18,2.0594,1.9428,300,1
0,글로벌융합,일어일문학,15,18,1.8982,1.8461,300,1
0,글로벌융합,일어일문학,18,18,1.7792,1.5971,300,1
0,글로벌융합,일어일문학,18,18,1.5426,1.4842,150,1
0,글로벌융합,일어일문학,18,18,1.297,1.2286,300,1
0,글로벌융합,일어일문학,18,18,1.1913,1.0847,300,1
0,글로벌융합,일어일문학,18,18,1.0619,1.0607,300,1
1,글로벌융합,중어중문학,18,18,4.4999,4.4723,300,1
1,글로벌융합,중어중문학,18,18,4.4386,4.4355,300,1
1,글로벌융합,중어중문학,18,18,4.426,4.3928,200,1
1,글로벌융합,중어중문학,18,18,4.3928,4.3913,0,1
1,글로벌융합,중어중문학,18,18,4.3793,4.3505,300,1
1,글로벌융합,중어중문학,18,18,4.3445,4.327,300,1
1,글로벌융합,중어중문학,18,18,4.3103,4.3054,300,1
1,글로벌융합,중어중문학,18,18,4.3054,4.2999,250,1
1,글로벌융합,중어중문학,18,18,4.2798,4.2782,300,1
1,글로벌융합,중어중문학,18,18,4.2613,4.2521,300,1
1,글로벌융합,중어중문학,12,18,4.2438,4.2166,300,1
1,글로벌융합,중어중문학,18,18,4.2087,4.183,300,1
1,글로벌융합,중어중문학,18,18,4.1779,4.1627,300,1
1,글로벌융합,중어중문학,18,18,4.1491,4.1394,300,1
1,글로벌융합,중어중문학,18,18,4.1394,4.1089,200,1
1,글로벌융합,중어중문학,18,18,4.1089,4.0697,300,1
1,글로벌융합,중어중문학,18,18,4.0676,4.0289,300,1
1,글로벌융합,중어중문학,18,18,4.0189,4.0168,100,1
1,글로벌융합,중어중문학,18,18,4.0085,3.9963,50,1
1,글로벌융합,중어중문학,18,18,3.9841,3.9801,300,1
1,글로벌융합,중어중문학,18,18,3.9575,3.956,300,1
1,글로벌융합,중어중문학,18,18,3.9478,3.9125,300,0
1,글로벌융합,중어중문학,18,18,3.8956,3.8668,300,1
1,글로벌융합,중어중문학,18,18,3.8621,3.8576,300,1
1,글로벌융합,중어중문학,18,18,3.8526,3.8295,300,1
1,글로벌융합,중어중문학,18,18,3.8295,3.8276,300,0
1,글로벌융합,중어중문학,18,18,3.8078,3.7427,300,1
1,글로벌융합,중어중문학,18,18,3.738,3.731,300,1
1,글로벌융합,중어중문학,18,18,3.7236,3.7037,300,1
1,글로벌융합,중어중문학,18,18,3.6646,3.6156,300,1
1,글로벌융합,중어중문학,18,18,3.6004,3.5380000000000003,300,1
1,글로벌융합,중어중문학,18,18,3.5043,3.4614,300,1
1,글로벌융합,중어중문학,18,18,3.4307,3.4304,300,1
1,글로벌융합,중어중문학,18,18,3.4155,3.3831,300,1
1,글로벌융합,중어중문학,18,18,3.3598,3.3533,50,1
1,글로벌융합,중어중문학,18,18,3.3105,3.3016,300,1
1,글로벌융합,중어중문학,18,15,3.2871,3.257,300,1
1,글로벌융합,중어중문학,18,18,3.2499,3.2195,300,1
1,글로벌융합,중어중문학,18,12,3.1957,3.1703,250,1
1,글로벌융합,중어중문학,18,18,3.1339,3.1339,300,1
1,글로벌융합,중어중문학,18,18,3.13,3.0052,250,1
1,글로벌융합,중어중문학,18,18,2.9158,2.8631,300,1
1,글로벌융합,중어중문학,18,18,2.6583,2.1934,300,0
1,글로벌융합,중어중문학,18,18,1.9997,1.9586,100,1
1,글로벌융합,중어중문학,18,18,1.9476,1.8614,300,1
1,글로벌융합,중어중문학,18,15,1.7574,1.6044,300,1
0,글로벌융합,중어중문학,18,18,1.5794,1.5794,300,1
0,글로벌융합,중어중문학,18,18,1.5503,1.4538,300,1
0,글로벌융합,중어중문학,18,18,1.4273,1.3799,300,1
0,글로벌융합,중어중문학,18,18,1.3494,1.1601,300,1
0,글로벌융합,중어중문학,18,18,1.1256,1.0754,300,1
1,글로벌융합,영어영문학,18,18,4.4704,4.4667,300,1
1,글로벌융합,영어영문학,18,18,4.457,4.4215,300,1
1,글로벌융합,영어영문학,18,18,4.3913,4.3812,300,1
1,글로벌융합,영어영문학,18,18,4.365,4.3288,300,1
1,글로벌융합,영어영문학,18,18,4.3288,4.3193,300,1
1,글로벌융합,영어영문학,18,18,4.3061,4.2798,300,1
1,글로벌융합,영어영문학,18,18,4.2798,4.2655,300,1
1,글로벌융합,영어영문학,18,18,4.2651,4.2438,300,1
1,글로벌융합,영어영문학,18,18,4.2269,4.1819,200,1
1,글로벌융합,영어영문학,18,18,4.1724,4.1721,300,1
1,글로벌융합,영어영문학,18,18,4.172,4.1708,250,1
1,글로벌융합,영어영문학,18,18,4.1627,4.1491,300,1
1,글로벌융합,영어영문학,18,18,4.1491,4.1283,200,1
1,글로벌융합,영어영문학,12,18,4.1229,4.1089,300,1
1,글로벌융합,영어영문학,18,18,4.0943,4.0609,300,1
1,글로벌융합,영어영문학,18,18,4.0255,4.0189,300,1
1,글로벌융합,영어영문학,15,18,4.0128,3.9573,300,1
1,글로벌융합,영어영문학,18,18,3.956,3.9478,300,1
1,글로벌융합,영어영문학,18,18,3.9292,3.8705,300,1
1,글로벌융합,영어영문학,18,18,3.863,3.7922,300,1
1,글로벌융합,영어영문학,18,18,3.7789,3.6717,250,1
1,글로벌융합,영어영문학,18,18,3.6599,3.6491,300,1
1,글로벌융합,영어영문학,18,18,3.6313,3.5795,300,1
1,글로벌융합,영어영문학,18,18,3.5592,3.5211,300,1
1,글로벌융합,영어영문학,18,18,3.4991,3.4958,300,1
1,글로벌융합,영어영문학,18,18,3.4958,3.4779,300,1
1,글로벌융합,영어영문학,18,18,3.462,3.462,300,1
1,글로벌융합,영어영문학,18,18,3.4402,3.4304,300,1
1,글로벌융합,영어영문학,18,18,3.4155,3.4155,300,1
1,글로벌융합,영어영문학,18,12,3.4047,3.3934,300,1
1,글로벌융합,영어영문학,18,18,3.3901,3.3604,300,1
1,글로벌융합,영어영문학,18,18,3.3146,3.2979,300,1
1,글로벌융합,영어영문학,18,18,3.2871,3.2475,300,1
1,글로벌융합,영어영문학,18,18,3.228,3.2223,300,1
1,글로벌융합,영어영문학,18,18,3.2069,3.1975,300,0
1,글로벌융합,영어영문학,18,18,3.139,3.0784,0,0
1,글로벌융합,영어영문학,18,18,3.0784,3.0671,300,1
1,글로벌융합,영어영문학,18,18,3.026,3.0246,300,1
1,글로벌융합,영어영문학,18,18,3.0052,2.6074,300,1
1,글로벌융합,영어영문학,18,18,2.4015,2.3913,300,1
1,글로벌융합,영어영문학,18,18,2.3672,2.3480000000000003,300,1
1,글로벌융합,영어영문학,18,18,2.2442,2.2121,300,1
0,글로벌융합,영어영문학,18,18,2.2121,2.2008,300,1
0,글로벌융합,영어영문학,18,18,2.1263,1.8222,300,1
0,글로벌융합,영어영문학,18,18,1.7792,1.7792,300,1
0,글로벌융합,영어영문학,18,18,1.6819,1.6301,100,1
0,글로벌융합,영어영문학,18,18,1.6301,1.5781,300,1
0,글로벌융합,영어영문학,18,18,1.5503,1.4633,300,1
0,글로벌융합,영어영문학,18,18,1.4414,1.3931,300,1
0,글로벌융합,영어영문학,18,18,1.2957,1.2572,300,1
0,글로벌융합,영어영문학,18,18,1.057,1.0004,300,1
1,글로벌융합,불어불문학,18,18,4.4934,4.4386,300,1
1,글로벌융합,불어불문학,18,18,4.4096,4.4049,300,1
1,글로벌융합,불어불문학,18,18,4.3663,4.3116,150,1
1,글로벌융합,불어불문학,18,18,4.3054,4.2994,250,1
1,글로벌융합,불어불문학,18,18,4.2071,4.2017,300,1
1,글로벌융합,불어불문학,18,18,4.1764,4.1721,300,1
1,글로벌융합,불어불문학,18,18,4.1491,4.1186,250,1
1,글로벌융합,불어불문학,18,18,4.0765,4.0535,300,1
1,글로벌융합,불어불문학,18,18,4.0493,4.0291,300,1
1,글로벌융합,불어불문학,18,18,3.9963,3.9611,300,1
1,글로벌융합,불어불문학,18,18,3.9611,3.9611,300,1
1,글로벌융합,불어불문학,18,18,3.9167,3.879,300,0
1,글로벌융합,불어불문학,18,18,3.8705,3.8705,300,1
1,글로벌융합,불어불문학,18,18,3.8276,3.8177,300,0
1,글로벌융합,불어불문학,18,18,3.8126,3.7719,300,1
1,글로벌융합,불어불문학,18,15,3.731,3.665,300,1
1,글로벌융합,불어불문학,18,18,3.6552,3.6313,300,1
1,글로벌융합,불어불문학,18,18,3.6161,3.6161,300,1
0,글로벌융합,불어불문학,18,18,3.5934,3.5906,300,0
0,글로벌융합,불어불문학,18,18,3.5795,3.5705,250,1
0,글로벌융합,불어불문학,18,18,3.5142,3.5142,300,1
0,글로벌융합,불어불문학,18,18,3.5106,3.4733,300,1
0,글로벌융합,불어불문학,18,18,3.4614,3.4368,100,1
0,글로벌융합,불어불문학,18,18,3.4052,3.3972,300,1
0,글로벌융합,불어불문학,18,18,3.3927,3.3804,300,1
0,글로벌융합,불어불문학,18,18,3.3466,3.3134,300,1
0,글로벌융합,불어불문학,18,18,3.3105,3.3037,300,1
0,글로벌융합,불어불문학,18,18,3.2716,3.2499,300,1
0,글로벌융합,불어불문학,18,18,3.2451,3.2428,300,1
0,글로벌융합,불어불문학,18,18,3.2223,3.0735,150,1
0,글로벌융합,불어불문학,18,15,3.0721,3.0671,50,1
0,글로벌융합,불어불문학,18,18,3.0501,3.026,300,1
0,글로벌융합,불어불문학,18,18,3.026,3.0193,300,1
0,글로벌융합,불어불문학,18,18,2.8383,2.6583,200,1
0,글로벌융합,불어불문학,18,18,2.5697,2.5683,300,1
0,글로벌융합,불어불문학,18,18,2.4391,2.2806,300,1
0,글로벌융합,불어불문학,18,18,2.2594,2.191,150,1
0,글로벌융합,불어불문학,18,18,1.9872,1.9428,300,1
0,글로벌융합,불어불문학,18,18,1.8718,1.797,300,1
0,글로벌융합,불어불문학,18,18,1.7765,1.6389,300,1
0,글로벌융합,불어불문학,18,18,1.6321,1.5781,150,1
0,글로벌융합,불어불문학,18,18,1.5426,1.4169,300,1
0,글로벌융합,불어불문학,18,18,1.406,1.3427,250,1
0,글로벌융합,불어불문학,15,12,1.297,1.2658,300,1
0,글로벌융합,불어불문학,18,18,1.1913,1.168,300,1
0,글로벌융합,불어불문학,18,15,1.0754,1.0448,300,1
1,글로벌융합,독어독문학,18,18,4.447,4.4386,300,1
1,글로벌융합,독어독문학,18,18,4.409,4.4008,150,1
1,글로벌융합,독어독문학,18,18,4.3928,4.3673,300,1
1,글로벌융합,독어독문학,18,18,4.3663,4.365,300,1
1,글로벌융합,독어독문학,18,18,4.365,4.3505,300,1
1,글로벌융합,독어독문학,18,18,4.3274,4.3274,300,1
1,글로벌융합,독어독문학,18,18,4.3103,4.2831,300,1
1,글로벌융합,독어독문학,18,18,4.2732,4.2502,300,1
1,글로벌융합,독어독문학,18,18,4.2168,4.2168,300,1
1,글로벌융합,독어독문학,18,18,4.2071,4.192,300,1
1,글로벌융합,독어독문학,18,18,4.1858,4.183,50,1
1,글로벌융합,독어독문학,18,18,4.1721,4.1605,300,1
1,글로벌융합,독어독문학,18,18,4.1605,4.1089,300,1
1,글로벌융합,독어독문학,18,18,4.1078,4.0675,300,1
1,글로벌융합,독어독문학,18,18,4.0535,4.0427,300,1
1,글로벌융합,독어독문학,18,18,4.0255,4.0169,300,1
1,글로벌융합,독어독문학,18,18,3.9964,3.9911,300,1
1,글로벌융합,독어독문학,18,18,3.9842,3.9841,300,1
0,글로벌융합,독어독문학,18,18,3.9779,3.9735,300,1
0,글로벌융합,독어독문학,18,18,3.951,3.939,300,1
0,글로벌융합,독어독문학,18,18,3.9027,3.8956,300,1
0,글로벌융합,독어독문학,18,18,3.8956,3.8621,250,1
0,글로벌융합,독어독문학,18,18,3.8604,3.8126,300,1
0,글로벌융합,독어독문학,18,18,3.8078,3.7957,300,1
0,글로벌융합,독어독문학,18,18,3.7922,3.7827,300,1
0,글로벌융합,독어독문학,18,18,3.7427,3.7234,300,0
0,글로벌융합,독어독문학,18,12,3.6924,3.6911,300,1
0,글로벌융합,독어독문학,18,18,3.6552,3.6004,150,1
0,글로벌융합,독어독문학,18,18,3.5906,3.5186,300,1
0,글로벌융합,독어독문학,18,18,3.4304,3.3831,300,1
0,글로벌융합,독어독문학,15,18,3.3831,3.3831,150,1
0,글로벌융합,독어독문학,18,18,3.3794,3.3598,300,1
0,글로벌융합,독어독문학,18,18,3.3146,3.2942,300,1
0,글로벌융합,독어독문학,18,18,3.2868,3.2247,300,1
0,글로벌융합,독어독문학,18,12,3.2172,3.2129,300,1
0,글로벌융합,독어독문학,18,18,3.1957,3.1656,300,1
0,글로벌융합,독어독문학,18,18,3.1603,3.0884,300,1
0,글로벌융합,독어독문학,18,18,3.0246,2.8195,300,1
0,글로벌융합,독어독문학,18,18,2.7413,2.6796,300,1
0,글로벌융합,독어독문학,18,18,2.6074,2.5061,300,1
0,글로벌융합,독어독문학,18,18,2.2806,2.2542,300,0
0,글로벌융합,독어독문학,18,18,2.191,2.1602,300,1
0,글로벌융합,독어독문학,18,18,2.1263,2.0433,300,1
0,글로벌융합,독어독문학,18,18,1.9997,1.9928,300,1
0,글로벌융합,독어독문학,18,18,1.9428,1.8982,300,1
0,글로벌융합,독어독문학,18,18,1.8555,1.7574,300,1
0,글로벌융합,독어독문학,18,18,1.6864,1.6111,300,1
0,글로벌융합,독어독문학,18,18,1.599,1.4616,50,1
0,글로벌융합,독어독문학,18,18,1.4616,1.4593,300,1
0,글로벌융합,독어독문학,18,18,1.057,1.0065,300,1
1,글로벌융합,스페인어,18,18,4.4461,4.4335,300,1
1,글로벌융합,스페인어,18,18,4.4078,4.4023,300,1
1,글로벌융합,스페인어,18,18,4.346,4.346,150,1
1,글로벌융합,스페인어,18,18,4.2994,4.29,300,1
1,글로벌융합,스페인어,18,18,4.2782,4.2732,300,1
1,글로벌융합,스페인어,18,18,4.2052,4.2042,100,1
1,글로벌융합,스페인어,18,18,4.1998,4.1394,300,1
1,글로벌융합,스페인어,18,18,4.1227,4.1141,300,1
1,글로벌융합,스페인어,18,18,4.0427,4.0315,300,1
1,글로벌융합,스페인어,18,18,4.0296,4.0296,300,1
1,글로벌융합,스페인어,18,18,4.0168,3.9963,300,1
1,글로벌융합,스페인어,18,18,3.9801,3.9779,250,1
1,글로벌융합,스페인어,18,18,3.9735,3.9611,300,1
1,글로벌융합,스페인어,18,18,3.9167,3.9151,300,1
1,글로벌융합,스페인어,18,18,3.8921,3.8489,300,1
1,글로벌융합,스페인어,18,18,3.7778,3.7389,150,1
1,글로벌융합,스페인어,18,18,3.6646,3.6216,0,1
0,글로벌융합,스페인어,18,18,3.5653,3.5258,300,1
0,글로벌융합,스페인어,18,18,3.4969,3.4779,300,1
0,글로벌융합,스페인어,18,18,3.4368,3.4155,300,1
0,글로벌융합,스페인어,18,18,3.4047,3.3821,250,1
0,글로벌융합,스페인어,15,18,3.3804,3.3214,300,1
0,글로벌융합,스페인어,18,18,3.3021,3.2967,300,1
0,글로벌융합,스페인어,18,18,3.2871,3.2868,300,1
0,글로벌융합,스페인어,18,18,3.2825,3.2716,300,0
0,글로벌융합,스페인어,18,18,3.2475,3.2428,300,1
0,글로벌융합,스페인어,18,15,3.13,3.1188,300,1
0,글로벌융합,스페인어,18,18,3.0838,3.0838,300,1
0,글로벌융합,스페인어,18,18,3.074,3.0721,300,1
0,글로벌융합,스페인어,18,18,3.0647,3.0246,300,1
0,글로벌융합,스페인어,12,15,3.0052,2.6335,300,1
0,글로벌융합,스페인어,18,18,2.5131,2.4391,150,1
0,글로벌융합,스페인어,18,18,2.3004,2.2424,300,1
0,글로벌융합,스페인어,18,18,2.2424,2.2394,300,1
0,글로벌융합,스페인어,18,18,2.1626,2.0632,250,1
0,글로벌융합,스페인어,18,18,1.9928,1.8555,300,1
0,글로벌융합,스페인어,18,18,1.504,1.4538,300,1
0,글로벌융합,스페인어,18,18,1.4369999999999998,1.4169,300,1
0,글로벌융합,스페인어,18,18,1.3303,1.2738,300,1
0,글로벌융합,스페인어,18,18,1.2658,1.2286,300,1
0,글로벌융합,스페인어,18,18,1.1913,1.169,300,1
0,글로벌융합,스페인어,18,18,1.168,1.0154,300,1
1,글로벌융합,사학,18,18,4.4966,4.4934,300,1
1,글로벌융합,사학,18,18,4.4805,4.4723,250,1
1,글로벌융합,사학,18,18,4.457,4.4386,300,1
1,글로벌융합,사학,18,18,4.4215,4.4078,300,1
1,글로벌융합,사학,18,18,4.4008,4.4004,300,1
1,글로벌융합,사학,18,18,4.3663,4.3599,300,1
1,글로벌융합,사학,18,18,4.3599,4.3432,300,1
1,글로벌융합,사학,18,18,4.3379,4.2502,300,1
1,글로벌융합,사학,18,18,4.2438,4.2231,300,1
1,글로벌융합,사학,18,18,4.2195,4.2087,300,1
1,글로벌융합,사학,18,18,4.2071,4.1819,300,1
1,글로벌융합,사학,18,18,4.1811,4.1721,300,1
1,글로벌융합,사학,18,18,4.172,4.1682,300,1
1,글로벌융합,사학,18,18,4.1616,4.1530000000000005,300,1
1,글로벌융합,사학,18,18,4.1078,4.0676,300,1
1,글로벌융합,사학,18,18,4.0592,4.0592,300,1
1,글로벌융합,사학,18,12,4.0291,4.0291,300,0
1,글로벌융합,사학,18,18,4.0289,4.0275,150,1
0,글로벌융합,사학,18,18,4.0075,3.9151,300,1
0,글로벌융합,사학,18,18,3.9139,3.8654,300,1
0,글로벌융합,사학,18,18,3.863,3.8171,300,1
0,글로벌융합,사학,18,18,3.7789,3.766,300,1
0,글로벌융합,사학,12,18,3.7424,3.7234,150,1
0,글로벌융합,사학,18,18,3.6215,3.6156,250,1
0,글로벌융합,사학,18,18,3.5186,3.5128,300,1
0,글로벌융합,사학,18,18,3.462,3.4034,300,1
0,글로벌융합,사학,18,18,3.3934,3.3901,300,1
0,글로벌융합,사학,18,18,3.3821,3.3821,200,1
0,글로벌융합,사학,18,18,3.3637,3.3466,300,1
0,글로벌융합,사학,18,18,3.3160000000000003,3.3160000000000003,300,1
0,글로벌융합,사학,18,18,3.3089,3.3089,300,1
0,글로벌융합,사학,18,15,3.2892,3.2825,300,1
0,글로벌융합,사학,18,18,3.2825,3.2451,300,1
0,글로벌융합,사학,18,18,3.1957,3.1486,300,1
0,글로벌융합,사학,18,18,3.139,3.1094,300,1
0,글로벌융합,사학,18,15,3.0789,3.0647,300,1
0,글로벌융합,사학,18,18,3.0647,3.0317,300,1
0,글로벌융합,사학,18,18,3.0167,2.8195,300,1
0,글로벌융합,사학,18,18,2.7667,2.7667,300,1
0,글로벌융합,사학,18,18,2.6834,2.6834,300,0
0,글로벌융합,사학,18,18,2.6074,2.4857,300,1
0,글로벌융합,사학,18,18,2.4176,2.3993,300,1
0,글로벌융합,사학,18,18,2.1967,2.191,300,1
0,글로벌융합,사학,18,18,2.0651,1.9889,300,1
0,글로벌융합,사학,18,18,1.8718,1.7792,300,1
0,글로벌융합,사학,18,18,1.7765,1.7574,200,1
0,글로벌융합,사학,18,18,1.7536,1.7536,250,1
0,글로벌융합,사학,18,18,1.6864,1.6389,300,1
0,글로벌융합,사학,18,18,1.6301,1.5426,300,1
0,글로벌융합,사학,15,18,1.5297,1.473,300,1
0,글로벌융합,사학,18,18,1.4633,1.4538,250,1
0,글로벌융합,사학,18,18,1.3931,1.297,300,1
0,글로벌융합,사학,18,18,1.2068,1.2051,300,1
0,글로벌융합,사학,18,18,1.0847,1.0448,300,1
0,글로벌융합,사학,18,18,1.0154,1.0065,300,1
1,글로벌융합,철학,18,18,4.4975,4.4992,300,1
1,글로벌융합,철학,18,18,4.4667,4.4805,250,1
1,글로벌융합,철학,18,18,4.4096,4.4355,300,1
1,글로벌융합,철학,18,18,4.3812,4.3998,300,1
1,글로벌융합,철학,18,18,4.3259,4.3061,200,1
1,글로벌융합,철학,18,18,4.2831,4.2798,300,1
1,글로벌융합,철학,18,18,4.2789,4.235,300,1
1,글로벌융합,철학,18,18,4.2166,4.2093,300,1
1,글로벌융합,철학,18,18,4.192,4.1835,200,1
1,글로벌융합,철학,18,18,4.1779,4.1766,300,1
1,글로벌융합,철학,18,18,4.1682,4.1627,150,1
1,글로벌융합,철학,15,18,4.1555,4.1283,0,0
1,글로벌융합,철학,18,18,4.1227,4.1186,300,1
1,글로벌융합,철학,18,18,4.1143,4.0972,300,1
1,글로벌융합,철학,18,18,4.0926,4.0592,300,1
1,글로벌융합,철학,18,18,4.0275,3.9708,300,1
1,글로벌융합,철학,18,18,3.9573,3.9545,300,1
1,글로벌융합,철학,18,18,3.951,3.9174,300,1
0,글로벌융합,철학,18,18,3.9174,3.879,200,1
0,글로벌융합,철학,18,18,3.7957,3.7827,300,1
0,글로벌융합,철학,18,18,3.7778,3.7769,150,1
0,글로벌융합,철학,18,18,3.7745,3.7719,300,1
0,글로벌융합,철학,18,18,3.6906,3.6717,300,1
0,글로벌융합,철학,18,15,3.6216,3.6112,300,1
0,글로벌융합,철학,18,18,3.6092,3.5934,300,1
0,글로벌융합,철학,18,18,3.5906,3.5352,300,1
0,글로벌융합,철학,18,18,3.5128,3.5106,250,1
0,글로벌융합,철학,18,18,3.4685,3.4368,200,1
0,글로벌융합,철학,18,18,3.4338,3.4307,100,1
0,글로벌융합,철학,18,18,3.4052,3.3901,300,1
0,글로벌융합,철학,18,18,3.3804,3.3598,300,1
0,글로벌융합,철학,18,18,3.3533,3.3466,300,1
0,글로벌융합,철학,18,18,3.3146,3.2933,100,1
0,글로벌융합,철학,18,18,3.2866,3.2777,200,1
0,글로벌융합,철학,18,18,3.257,3.1557,300,1
0,글로벌융합,철학,18,18,3.1486,3.1315,300,1
0,글로벌융합,철학,18,12,3.1179,3.1094,300,1
0,글로벌융합,철학,18,18,3.074,3.0735,300,1
0,글로벌융합,철학,18,18,3.0671,3.0068,300,0
0,글로벌융합,철학,15,18,2.8383,2.8073,300,1
0,글로벌융합,철학,18,18,2.7657,2.7358,300,1
0,글로벌융합,철학,18,18,2.577,2.4857,250,1
0,글로벌융합,철학,18,18,2.4566,2.3993,300,1
0,글로벌융합,철학,18,18,2.3004,2.2806,300,1
0,글로벌융합,철학,18,18,2.273,2.273,300,1
0,글로벌융합,철학,18,18,2.2542,2.1934,300,1
0,글로벌융합,철학,18,18,2.1316,2.0632,300,1
0,글로벌융합,철학,18,18,2.0594,1.9997,300,1
0,글로벌융합,철학,18,18,1.9872,1.6864,150,1
0,글로벌융합,철학,18,18,1.6819,1.6321,300,1
0,글로벌융합,철학,18,18,1.6301,1.5971,300,1
0,글로벌융합,철학,18,18,1.4414,1.4273,300,1
0,글로벌융합,철학,18,18,1.3799,1.2658,300,1
0,글로벌융합,철학,18,18,1.2572,1.1295,200,1
0,글로벌융합,철학,18,18,1.1295,1.0607,150,1
1,글로벌융합,미술사학,18,18,4.4004,4.398,300,1
1,글로벌융합,미술사학,18,18,4.3913,4.3812,300,1
1,글로벌융합,미술사학,18,18,4.3519,4.346,300,1
1,글로벌융합,미술사학,18,18,4.3432,4.3418,300,1
1,글로벌융합,미술사학,18,18,4.3193,4.3175,50,1
1,글로벌융합,미술사학,18,18,4.2999,4.2655,250,1
1,글로벌융합,미술사학,18,18,4.2421,4.2052,150,1
1,글로벌융합,미술사학,18,18,4.2042,4.1998,300,1
1,글로벌융합,미술사학,18,18,4.1858,4.1835,300,1
1,글로벌융합,미술사학,18,18,4.1764,4.1616,300,1
1,글로벌융합,미술사학,18,18,4.1241,4.1186,50,1
1,글로벌융합,미술사학,18,18,4.0972,4.0291,300,1
1,글로벌융합,미술사학,18,18,4.0275,4.0105,300,1
1,글로벌융합,미술사학,18,18,3.9841,3.956,300,1
1,글로벌융합,미술사학,18,18,3.9478,3.9336,300,1
1,글로벌융합,미술사학,18,18,3.9143,3.9027,300,1
1,글로벌융합,미술사학,18,18,3.8921,3.8604,300,1
1,글로벌융합,미술사학,18,18,3.8526,3.8319,300,1
1,글로벌융합,미술사학,18,18,3.7827,3.7827,300,1
1,글로벌융합,미술사학,18,18,3.7803,3.7427,50,1
1,글로벌융합,미술사학,18,18,3.738,3.7338,300,1
1,글로벌융합,미술사학,18,18,3.7236,3.7173,250,1
1,글로벌융합,미술사학,18,18,3.7057,3.6911,300,1
1,글로벌융합,미술사학,18,18,3.6906,3.6817,300,1
1,글로벌융합,미술사학,18,18,3.6784,3.5825,300,1
0,글로벌융합,미술사학,18,18,3.5795,3.54,300,1
0,글로벌융합,미술사학,18,18,3.54,3.5380000000000003,250,1
0,글로벌융합,미술사학,18,18,3.5258,3.5106,300,1
0,글로벌융합,미술사학,18,18,3.4733,3.4685,300,1
0,글로벌융합,미술사학,18,18,3.4409,3.4402,300,1
0,글로벌융합,미술사학,18,18,3.4307,3.3972,300,1
0,글로벌융합,미술사학,18,12,3.2981,3.2979,300,1
0,글로벌융합,미술사학,18,18,3.1301,3.1239,300,1
0,글로벌융합,미술사학,18,18,3.1188,3.0898,300,1
0,글로벌융합,미술사학,18,18,3.0789,3.0544,300,1
0,글로벌융합,미술사학,18,18,3.026,2.8383,300,1
0,글로벌융합,미술사학,18,18,2.7657,2.5061,50,1
0,글로벌융합,미술사학,18,18,2.4313,2.2594,200,1
0,글로벌융합,미술사학,18,18,2.1934,2.1618,100,1
0,글로벌융합,미술사학,18,18,2.1537,2.0787,300,1
0,글로벌융합,미술사학,18,18,2.0433,1.9889,300,1
0,글로벌융합,미술사학,18,18,1.9428,1.8461,300,1
0,글로벌융합,미술사학,18,18,1.7765,1.4593,300,1
0,글로벌융합,미술사학,12,18,1.4152,1.3931,300,1
0,글로벌융합,미술사학,18,18,1.351,1.3303,300,1
0,글로벌융합,미술사학,18,18,1.2957,1.2738,300,1
0,글로벌융합,미술사학,18,18,1.169,1.0741,300,1
0,글로벌융합,미술사학,18,18,1.057,1.0456,300,1
0,글로벌융합,미술사학,18,18,1.0039,1.0004,300,1
1,글로벌융합,문화인류학,18,18,4.4992,4.4966,300,1
1,글로벌융합,문화인류학,18,18,4.4934,4.4805,150,1
1,글로벌융합,문화인류학,18,18,4.3998,4.3812,300,1
1,글로벌융합,문화인류학,18,18,4.3728,4.3445,300,1
1,글로벌융합,문화인류학,18,18,4.3092,4.2994,300,1
1,글로벌융합,문화인류학,18,18,4.2521,4.2166,300,1
1,글로벌융합,문화인류학,18,18,4.2077,4.183,300,1
1,글로벌융합,문화인류학,18,18,4.1766,4.1708,300,1
1,글로벌융합,문화인류학,18,18,4.1708,4.1708,300,1
1,글로벌융합,문화인류학,18,18,4.1616,4.1585,300,1
1,글로벌융합,문화인류학,18,18,4.1394,4.1213,300,1
1,글로벌융합,문화인류학,18,18,4.1141,4.1043,300,1
1,글로벌융합,문화인류학,18,18,4.1043,4.0751,300,1
1,글로벌융합,문화인류학,18,18,4.0697,4.0493,300,1
1,글로벌융합,문화인류학,15,18,4.0296,3.9575,300,1
1,글로벌융합,문화인류학,18,18,3.9336,3.9336,150,1
1,글로벌융합,문화인류학,18,18,3.9061,3.9027,200,1
1,글로벌융합,문화인류학,18,18,3.7983,3.7922,300,1
1,글로벌융합,문화인류학,18,15,3.756,3.7424,300,1
0,글로벌융합,문화인류학,18,18,3.7389,3.7347,300,0
0,글로벌융합,문화인류학,12,18,3.7236,3.7234,300,1
0,글로벌융합,문화인류학,18,18,3.6906,3.6646,150,1
0,글로벌융합,문화인류학,18,18,3.6216,3.6004,300,1
0,글로벌융합,문화인류학,18,15,3.5142,3.5043,300,1
0,글로벌융합,문화인류학,18,18,3.4879,3.4493,150,1
0,글로벌융합,문화인류학,18,18,3.4492,3.3561,200,1
0,글로벌융합,문화인류학,18,18,3.3214,3.3089,300,1
0,글로벌융합,문화인류학,18,18,3.3037,3.2892,300,1
0,글로벌융합,문화인류학,18,18,3.2499,3.2424,300,1
0,글로벌융합,문화인류학,18,18,3.2247,3.2129,300,1
0,글로벌융합,문화인류학,18,18,3.1603,3.1315,300,1
0,글로벌융합,문화인류학,18,18,3.13,3.0884,300,1
0,글로벌융합,문화인류학,18,18,3.0884,3.0193,300,1
0,글로벌융합,문화인류학,18,18,2.9158,2.8073,300,1
0,글로벌융합,문화인류학,18,18,2.7109,2.6834,300,0
0,글로벌융합,문화인류학,15,18,2.6605,2.5061,300,1
0,글로벌융합,문화인류학,18,18,2.273,2.2565,150,1
0,글로벌융합,문화인류학,18,18,2.2517,2.2442,250,1
0,글로벌융합,문화인류학,18,18,2.2394,2.1602,300,1
0,글로벌융합,문화인류학,18,18,2.1316,2.0787,300,1
0,글로벌융합,문화인류학,18,18,1.9872,1.9586,150,1
0,글로벌융합,문화인류학,18,18,1.9257,1.8555,300,1
0,글로벌융합,문화인류학,18,18,1.6795,1.6111,250,1
0,글로벌융합,문화인류학,18,18,1.5971,1.5426,300,1
0,글로벌융합,문화인류학,18,18,1.4538,1.4169,150,1
0,글로벌융합,문화인류학,18,18,1.4152,1.3799,300,1
0,글로벌융합,문화인류학,18,18,1.351,1.3293,300,1
0,글로벌융합,문화인류학,18,18,1.2068,1.2032,300,1
0,글로벌융합,문화인류학,18,18,1.2032,1.1256,300,1
1,글로벌융합,경영학,18,18,4.4999,4.493,250,0
1,글로벌융합,경영학,18,18,4.493,4.4723,0,1
1,글로벌융합,경영학,18,18,4.4461,4.4335,300,1
1,글로벌융합,경영학,18,18,4.4096,4.3661,300,1
1,글로벌융합,경영학,18,18,4.3494,4.3416,300,1
1,글로벌융합,경영학,18,18,4.3288,4.2999,300,1
1,글로벌융합,경영학,18,18,4.2789,4.2286,300,1
1,글로벌융합,경영학,18,18,4.2052,4.1819,200,1
1,글로벌융합,경영학,18,18,4.1616,4.1078,300,0
1,글로벌융합,경영학,18,18,4.1043,4.1043,300,1
1,글로벌융합,경영학,18,18,4.0943,4.0926,150,1
1,글로벌융합,경영학,18,18,4.0731,4.0689,200,1
1,글로벌융합,경영학,18,18,4.0675,4.0407,300,0
1,글로벌융합,경영학,18,15,4.0245,4.0169,150,1
1,글로벌융합,경영학,18,18,3.9964,3.9911,300,1
1,글로벌융합,경영학,18,18,3.9911,3.9801,300,1
1,글로벌융합,경영학,12,18,3.9545,3.9478,300,1
1,글로벌융합,경영학,18,18,3.939,3.9152,300,1
1,글로벌융합,경영학,18,15,3.8921,3.8668,150,1
1,글로벌융합,경영학,18,18,3.819,3.8126,300,1
1,글로벌융합,경영학,18,18,3.7789,3.7778,300,1
1,글로벌융합,경영학,18,18,3.756,3.7338,300,1
1,글로벌융합,경영학,18,18,3.6976,3.665,50,1
1,글로벌융합,경영학,18,15,3.6491,3.6371,150,1
1,글로벌융합,경영학,18,18,3.6371,3.6092,300,1
1,글로벌융합,경영학,18,18,3.6092,3.5934,300,1
1,글로벌융합,경영학,18,18,3.4975,3.4975,300,1
1,글로벌융합,경영학,18,18,3.4733,3.4493,200,1
1,글로벌융합,경영학,18,18,3.4426,3.4368,300,1
1,글로벌융합,경영학,15,18,3.3927,3.3637,250,1
1,글로벌융합,경영학,18,18,3.3604,3.3021,300,1
1,글로벌융합,경영학,18,18,3.2979,3.2942,300,1
1,글로벌융합,경영학,18,18,3.2777,3.2716,300,1
1,글로벌융합,경영학,18,18,3.2475,3.2428,300,1
1,글로벌융합,경영학,18,18,3.1975,3.1957,300,1
1,글로벌융합,경영학,18,18,3.1656,3.1432,100,1
1,글로벌융합,경영학,18,18,3.1432,3.1396,300,1
1,글로벌융합,경영학,18,18,3.1188,3.1155,300,1
1,글로벌융합,경영학,18,18,3.0977,3.0977,300,1
1,글로벌융합,경영학,18,18,3.0884,3.0838,300,1
0,글로벌융합,경영학,18,18,3.0784,3.074,200,1
0,글로벌융합,경영학,18,18,2.7109,2.6335,300,1
0,글로벌융합,경영학,18,18,2.5697,2.5131,100,1
0,글로벌융합,경영학,18,18,2.4566,2.4391,300,1
0,글로벌융합,경영학,18,18,2.4176,2.3993,300,1
0,글로벌융합,경영학,18,18,2.3672,2.2542,300,1
0,글로벌융합,경영학,18,18,2.2517,2.2394,300,1
0,글로벌융합,경영학,18,18,2.1967,2.1822,300,1
0,글로벌융합,경영학,18,18,2.1602,2.1316,300,1
0,글로벌융합,경영학,18,18,2.0594,2.0371,200,1
0,글로벌융합,경영학,18,18,2.0272,1.926,300,1
0,글로벌융합,경영학,18,18,1.8751,1.8614,300,1
0,글로벌융합,경영학,18,18,1.797,1.7692,300,1
0,글로벌융합,경영학,18,18,1.6795,1.6111,250,1
0,글로벌융합,경영학,18,18,1.504,1.4842,300,0
0,글로벌융합,경영학,18,18,1.4616,1.2658,300,1
0,글로벌융합,경영학,18,18,1.2286,1.1295,300,1
0,글로벌융합,경영학,18,18,1.0448,1.0065,300,1
1,글로벌융합,회계학,18,12,4.4999,4.4975,300,1
1,글로벌융합,회계학,18,18,4.4723,4.4461,300,1
1,글로벌융합,회계학,18,18,4.4292,4.4078,300,1
1,글로벌융합,회계학,18,18,4.3956,4.3661,300,1
1,글로벌융합,회계학,18,18,4.3494,4.346,100,1
1,글로벌융합,회계학,18,18,4.3263,4.3103,300,1
1,글로벌융합,회계학,18,18,4.2613,4.2582,300,1
1,글로벌융합,회계학,18,18,4.235,4.2087,200,1
1,글로벌융합,회계학,18,18,4.2077,4.2042,300,1
1,글로벌융합,회계학,18,18,4.1835,4.1766,300,1
1,글로벌융합,회계학,18,18,4.1530000000000005,4.1472,150,1
1,글로벌융합,회계학,18,18,4.1143,4.0972,300,0
1,글로벌융합,회계학,18,18,4.0765,4.0529,300,1
1,글로벌융합,회계학,18,18,4.0291,4.0258,300,1
1,글로벌융합,회계학,18,18,3.9842,3.9779,300,1
1,글로벌융합,회계학,18,18,3.9708,3.9615,50,1
1,글로벌융합,회계학,18,18,3.9575,3.9545,300,1
1,글로벌융합,회계학,18,15,3.9498,3.9498,250,1
1,글로벌융합,회계학,18,18,3.9336,3.9292,300,1
1,글로벌융합,회계학,18,18,3.9139,3.9125,300,1
1,글로벌융합,회계학,18,18,3.8668,3.8621,300,1
1,글로벌융합,회계학,18,18,3.8604,3.8576,300,1
1,글로벌융합,회계학,18,18,3.8526,3.819,300,1
1,글로벌융합,회계학,18,18,3.8126,3.7983,300,1
1,글로벌융합,회계학,18,18,3.7922,3.7338,200,1
1,글로벌융합,회계학,18,18,3.7037,3.7014,300,1
1,글로벌융합,회계학,18,18,3.6491,3.6371,150,1
1,글로벌융합,회계학,18,18,3.5934,3.5916,300,1
1,글로벌융합,회계학,18,18,3.5856,3.5516,300,1
1,글로벌융합,회계학,18,18,3.5381,3.4958,300,1
1,글로벌융합,회계학,18,15,3.3972,3.3598,300,1
1,글로벌융합,회계학,18,18,3.3016,3.2223,300,1
1,글로벌융합,회계학,18,18,3.1975,3.1237,300,1
1,글로벌융합,회계학,15,18,3.0721,3.0721,300,1
1,글로벌융합,회계학,18,18,3.0647,3.0347,200,1
1,글로벌융합,회계학,18,18,2.7967,2.7667,300,1
1,글로벌융합,회계학,18,18,2.7657,2.6335,300,1
1,글로벌융합,회계학,18,18,2.577,2.273,200,1
1,글로벌융합,회계학,18,18,2.2121,2.0651,250,1
0,글로벌융합,회계학,18,18,2.0632,1.8982,300,1
0,글로벌융합,회계학,18,18,1.8751,1.8614,300,1
0,글로벌융합,회계학,18,18,1.504,1.4369999999999998,300,1
0,글로벌융합,회계학,18,18,1.4169,1.4152,150,0
0,글로벌융합,회계학,18,18,1.406,1.2068,300,1
0,글로벌융합,회계학,18,18,1.2051,1.169,300,1
0,글로벌융합,회계학,18,18,1.0754,1.0154,300,1
1,글로벌융합,국제통상학,18,18,4.4999,4.4724,250,1
1,글로벌융합,국제통상학,18,18,4.4008,4.4004,300,1
1,글로벌융합,국제통상학,18,18,4.3998,4.3913,300,1
1,글로벌융합,국제통상학,18,18,4.3505,4.346,300,1
1,글로벌융합,국제통상학,18,18,4.3432,4.3379,300,1
1,글로벌융합,국제통상학,18,18,4.3259,4.3201,200,1
1,글로벌융합,국제통상학,18,18,4.3092,4.3046,300,1
1,글로벌융합,국제통상학,18,18,4.2831,4.2831,300,1
1,글로벌융합,국제통상학,18,15,4.2798,4.2655,300,1
1,글로벌융합,국제통상학,18,18,4.183,4.1811,300,1
1,글로벌융합,국제통상학,18,15,4.172,4.1566,300,1
1,글로벌융합,국제통상학,18,18,4.1241,4.1227,300,1
1,글로벌융합,국제통상학,15,18,4.1213,4.1213,300,1
1,글로벌융합,국제통상학,18,18,4.0697,4.0676,300,1
1,글로벌융합,국제통상학,18,18,4.0291,4.0194,100,1
1,글로벌융합,국제통상학,18,18,3.9964,3.9494,300,1
1,글로벌융합,국제통상학,18,18,3.8883,3.879,300,1
1,글로벌융합,국제통상학,18,18,3.863,3.8604,300,1
1,글로벌융합,국제통상학,18,18,3.8295,3.8276,300,1
1,글로벌융합,국제통상학,18,18,3.7789,3.7424,300,1
1,글로벌융합,국제통상학,18,18,3.7366,3.7057,300,1
1,글로벌융합,국제통상학,18,18,3.6817,3.681,300,1
1,글로벌융합,국제통상학,18,18,3.6313,3.6216,300,1
1,글로벌융합,국제통상학,18,18,3.6215,3.6112,100,1
1,글로벌융합,국제통상학,18,18,3.5825,3.5705,300,1
1,글로벌융합,국제통상학,18,18,3.5516,3.5381,300,1
1,글로벌융합,국제통상학,18,18,3.5106,3.4994,300,1
1,글로벌융합,국제통상학,18,18,3.4733,3.4685,300,1
1,글로벌융합,국제통상학,18,18,3.4426,3.4426,200,1
1,글로벌융합,국제통상학,18,18,3.4047,3.4047,300,1
1,글로벌융합,국제통상학,18,18,3.3804,3.3561,300,1
1,글로벌융합,국제통상학,18,15,3.3239,3.3214,150,1
1,글로벌융합,국제통상학,18,18,3.3134,3.3021,300,1
1,글로벌융합,국제통상학,18,18,3.2866,3.2424,300,1
1,글로벌융합,국제통상학,18,18,3.228,3.2129,300,1
1,글로벌융합,국제통상학,18,18,3.2069,3.1656,300,1
1,글로벌융합,국제통상학,18,18,3.1557,3.139,300,1
1,글로벌융합,국제통상학,18,18,3.1315,3.1299,300,1
1,글로벌융합,국제통상학,18,18,3.1237,3.1187,300,0
1,글로벌융합,국제통상학,18,18,3.0898,3.0838,250,1
1,글로벌융합,국제통상학,18,18,3.0544,3.0317,300,1
0,글로벌융합,국제통상학,18,18,3.0193,2.4015,250,1
0,글로벌융합,국제통상학,18,18,2.2542,2.1784,300,1
0,글로벌융합,국제통상학,18,18,2.1626,1.9872,300,1
0,글로벌융합,국제통상학,18,18,1.9586,1.9586,300,1
0,글로벌융합,국제통상학,18,18,1.9476,1.9257,150,1
0,글로벌융합,국제통상학,18,18,1.8555,1.797,300,1
0,글로벌융합,국제통상학,18,18,1.7692,1.6795,300,1
0,글로벌융합,국제통상학,18,15,1.5832,1.5794,300,1
0,글로벌융합,국제통상학,18,18,1.2698,1.2068,300,1
0,글로벌융합,국제통상학,18,18,1.2051,1.0754,300,1
1,글로벌융합,법학,18,18,4.4992,4.493,300,1
1,글로벌융합,법학,18,18,4.493,4.4667,300,1
1,글로벌융합,법학,18,18,4.447,4.4134,300,1
1,글로벌융합,법학,18,18,4.4023,4.3774,300,1
1,글로벌융합,법학,18,15,4.3728,4.3418,300,1
1,글로벌융합,법학,18,18,4.3201,4.3061,300,1
1,글로벌융합,법학,18,18,4.2789,4.2594,300,0
1,글로벌융합,법학,18,18,4.2502,4.2502,300,1
1,글로벌융합,법학,18,18,4.2269,4.2195,300,1
1,글로벌융합,법학,18,18,4.2093,4.1998,300,1
1,글로벌융합,법학,18,18,4.1835,4.1724,300,1
1,글로벌융합,법학,18,18,4.1627,4.1283,300,1
1,글로벌융합,법학,18,18,4.0943,4.0926,300,1
1,글로벌융합,법학,12,18,4.0731,4.0323,300,1
1,글로벌융합,법학,18,18,4.0169,4.0075,50,0
1,글로벌융합,법학,18,18,3.9615,3.951,300,1
1,글로벌융합,법학,18,18,3.9494,3.9174,300,1
1,글로벌융합,법학,18,18,3.9152,3.8705,250,1
1,글로벌융합,법학,18,18,3.8171,3.7957,300,1
1,글로벌융합,법학,18,18,3.7803,3.7769,300,1
1,글로벌융합,법학,18,18,3.7769,3.766,300,1
1,글로벌융합,법학,18,18,3.7366,3.7037,300,1
1,글로벌융합,법학,18,18,3.6976,3.6976,300,1
1,글로벌융합,법학,18,12,3.6911,3.681,300,1
1,글로벌융합,법학,18,18,3.6784,3.6784,300,1
1,글로벌융합,법학,18,18,3.6717,3.665,300,1
0,글로벌융합,법학,18,18,3.6313,3.5705,150,1
0,글로벌융합,법학,18,18,3.5519,3.5381,300,1
0,글로벌융합,법학,18,18,3.4994,3.4779,300,1
0,글로벌융합,법학,18,18,3.4492,3.4411,300,1
0,글로벌융합,법학,18,18,3.3934,3.3637,300,1
0,글로벌융합,법학,18,18,3.3561,3.3105,300,1
0,글로벌융합,법학,18,18,3.2942,3.228,300,1
0,글로벌융합,법학,18,18,3.2247,3.2129,300,1
0,글로벌융합,법학,18,18,3.2069,3.1603,250,1
0,글로벌융합,법학,18,18,3.1432,3.1179,300,1
0,글로벌융합,법학,18,18,3.0784,3.0671,300,1
0,글로벌융합,법학,18,18,3.0068,3.0068,300,1
0,글로벌융합,법학,18,18,2.8195,2.8073,150,1
0,글로벌융합,법학,18,18,2.7967,2.7413,300,0
0,글로벌융합,법학,18,18,2.7413,2.6074,300,1
0,글로벌융합,법학,18,18,2.577,2.5697,300,1
0,글로벌융합,법학,18,18,2.3913,2.3480000000000003,250,1
0,글로벌융합,법학,18,18,2.3480000000000003,2.2424,300,1
0,글로벌융합,법학,18,18,2.0651,2.0433,100,1
0,글로벌융합,법학,18,18,2.0371,1.926,300,1
0,글로벌융합,법학,18,18,1.8751,1.8718,300,1
0,글로벌융합,법학,15,18,1.8461,1.8461,300,1
0,글로벌융합,법학,18,18,1.7574,1.6864,300,1
0,글로벌융합,법학,18,18,1.5832,1.4842,300,1
0,글로벌융합,법학,18,18,1.4369999999999998,1.4273,300,1
0,글로벌융합,법학,18,18,1.4173,1.4024,300,1
0,글로벌융합,법학,18,18,1.3303,1.2957,300,0
0,글로벌융합,법학,18,18,1.2698,1.1601,300,1
0,글로벌융합,법학,18,18,1.0619,1.0206,250,1
1,글로벌융합,사회학,18,18,4.4992,4.4724,300,0
1,글로벌융합,사회학,12,18,4.4655,4.4078,300,1
1,글로벌융합,사회학,18,18,4.398,4.3774,300,1
1,글로벌융합,사회학,18,18,4.3599,4.3494,300,1
1,글로벌융합,사회학,18,18,4.3418,4.3416,100,1
1,글로벌융합,사회학,18,18,4.3175,4.3116,250,1
1,글로벌융합,사회학,18,18,4.29,4.2782,300,1
1,글로벌융합,사회학,18,18,4.2613,4.235,300,1
1,글로벌융합,사회학,18,18,4.2071,4.1982,0,1
1,글로벌융합,사회학,18,18,4.1811,4.1724,300,1
1,글로벌융합,사회학,18,18,4.1472,4.1472,300,1
1,글로벌융합,사회학,18,18,4.1089,4.1089,300,1
1,글로벌융합,사회학,18,12,4.0731,4.0493,300,1
1,글로벌융합,사회학,18,18,4.0407,4.0315,300,1
1,글로벌융합,사회학,18,18,4.0315,4.0289,300,1
1,글로벌융합,사회학,18,18,4.0194,4.0105,300,1
1,글로벌융합,사회학,18,18,3.9573,3.9524,300,1
1,글로벌융합,사회학,18,18,3.9524,3.939,150,1
0,글로벌융합,사회학,18,18,3.9125,3.9061,200,1
0,글로벌융합,사회학,18,18,3.8489,3.8319,300,1
0,글로벌융합,사회학,12,18,3.8295,3.8177,300,1
0,글로벌융합,사회학,18,18,3.8171,3.8171,300,1
0,글로벌융합,사회학,18,18,3.7803,3.7434,300,1
0,글로벌융합,사회학,18,18,3.7427,3.7173,300,1
0,글로벌융합,사회학,18,18,3.6717,3.5856,300,1
0,글로벌융합,사회학,18,18,3.5825,3.5653,150,1
0,글로벌융합,사회학,18,18,3.54,3.5380000000000003,300,1
0,글로벌융합,사회학,18,18,3.5352,3.5043,300,1
0,글로벌융합,사회학,18,18,3.4685,3.4614,300,1
0,글로벌융합,사회학,18,18,3.4409,3.4402,300,1
0,글로벌융합,사회학,18,18,3.4338,3.3794,300,1
0,글로벌융합,사회학,18,18,3.3160000000000003,3.2933,300,1
0,글로벌융합,사회학,18,18,3.257,3.2428,50,1
0,글로벌융합,사회학,18,18,3.1975,3.1703,300,1
0,글로벌융합,사회학,18,18,3.1603,3.13,0,1
0,글로벌융합,사회학,18,18,3.1299,3.1299,300,1
0,글로벌융합,사회학,18,18,3.1239,3.1187,300,1
0,글로벌융합,사회학,18,18,3.1155,3.1155,300,1
0,글로벌융합,사회학,18,18,3.1155,3.1094,300,1
0,글로벌융합,사회학,18,18,3.0898,3.0167,300,1
0,글로벌융합,사회학,18,18,2.7413,2.6533,300,1
0,글로벌융합,사회학,18,18,2.6533,2.5683,300,1
0,글로벌융합,사회학,18,18,2.4566,2.4313,300,1
0,글로벌융합,사회학,18,18,2.4313,2.4313,200,1
0,글로벌융합,사회학,18,18,2.3913,2.3004,300,1
0,글로벌융합,사회학,18,18,2.2594,2.1967,300,1
0,글로벌융합,사회학,18,18,2.1934,2.191,150,1
0,글로벌융합,사회학,18,18,2.1602,2.0734,300,1
0,글로벌융합,사회학,18,18,2.0371,2.0272,300,0
0,글로벌융합,사회학,18,18,1.9889,1.926,300,1
0,글로벌융합,사회학,18,18,1.9257,1.8614,300,1
0,글로벌융합,사회학,18,18,1.7536,1.6389,300,1
0,글로벌융합,사회학,18,18,1.6044,1.5297,300,1
0,글로벌융합,사회학,18,18,1.4842,1.406,300,1
0,글로벌융합,사회학,18,18,1.3494,1.2957,300,0
0,글로벌융합,사회학,18,18,1.2572,1.0847,300,1
1,글로벌융합,문헌정보학,18,18,4.4934,4.4805,300,0
1,글로벌융합,문헌정보학,12,18,4.4724,4.4667,250,1
1,글로벌융합,문헌정보학,18,18,4.4460000000000015,4.426,300,1
1,글로벌융합,문헌정보학,18,18,4.4111,4.4111,300,1
1,글로벌융합,문헌정보학,18,18,4.4111,4.409,300,1
1,글로벌융합,문헌정보학,18,18,4.409,4.4004,300,1
1,글로벌융합,문헌정보학,18,18,4.3956,4.3774,300,1
1,글로벌융합,문헌정보학,18,18,4.3663,4.346,300,1
1,글로벌융합,문헌정보학,18,18,4.346,4.346,300,1
1,글로벌융합,문헌정보학,18,18,4.3432,4.327,300,1
1,글로벌융합,문헌정보학,18,15,4.3263,4.3116,300,1
1,글로벌융합,문헌정보학,18,18,4.2999,4.2994,300,1
1,글로벌융합,문헌정보학,18,18,4.2582,4.235,300,1
1,글로벌융합,문헌정보학,18,18,4.2231,4.2168,200,1
1,글로벌융합,문헌정보학,18,18,4.2093,4.2052,300,1
1,글로벌융합,문헌정보학,18,18,4.1982,4.192,300,1
1,글로벌융합,문헌정보학,18,18,4.1764,4.1566,300,1
1,글로벌융합,문헌정보학,18,18,4.1241,4.1229,150,1
1,글로벌융합,문헌정보학,18,18,4.1141,4.1078,300,1
1,글로벌융합,문헌정보학,18,18,4.0765,4.0592,300,1
1,글로벌융합,문헌정보학,18,18,4.0529,4.0407,300,1
1,글로벌융합,문헌정보학,18,12,4.0275,4.0194,300,1
1,글로벌융합,문헌정보학,18,18,4.0189,4.0168,300,1
1,글로벌융합,문헌정보학,18,18,4.0128,3.9801,300,1
1,글로벌융합,문헌정보학,18,18,3.8956,3.8668,300,1
1,글로벌융합,문헌정보학,15,18,3.8576,3.8322,300,1
1,글로벌융합,문헌정보학,18,18,3.8319,3.8078,300,1
1,글로벌융합,문헌정보학,18,18,3.766,3.7389,300,1
1,글로벌융합,문헌정보학,15,18,3.7366,3.731,300,1
1,글로벌융합,문헌정보학,18,18,3.7236,3.7173,300,1
0,글로벌융합,문헌정보학,18,18,3.7057,3.6976,300,1
0,글로벌융합,문헌정보학,18,18,3.6924,3.6924,300,1
0,글로벌융합,문헌정보학,18,18,3.6906,3.6646,300,1
0,글로벌융합,문헌정보학,18,18,3.6215,3.6112,200,1
0,글로벌융합,문헌정보학,18,18,3.6092,3.5592,0,1
0,글로벌융합,문헌정보학,18,18,3.5516,3.5186,300,1
0,글로벌융합,문헌정보학,18,18,3.5128,3.5043,150,1
0,글로벌융합,문헌정보학,18,18,3.4994,3.4991,300,1
0,글로벌융합,문헌정보학,18,18,3.4879,3.4411,300,1
0,글로벌융합,문헌정보학,18,18,3.4409,3.4304,200,1
0,글로벌융합,문헌정보학,18,18,3.3927,3.3466,300,1
0,글로벌융합,문헌정보학,18,18,3.3385,3.3214,300,1
0,글로벌융합,문헌정보학,12,18,3.3089,3.3021,300,1
0,글로벌융합,문헌정보학,18,18,3.2967,3.2451,300,1
0,글로벌융합,문헌정보학,18,18,3.2247,3.2195,300,1
0,글로벌융합,문헌정보학,18,18,3.2172,3.1614,300,1
0,글로벌융합,문헌정보학,18,18,3.1315,3.1301,300,1
0,글로벌융합,문헌정보학,18,18,3.0735,3.0501,300,1
0,글로벌융합,문헌정보학,18,18,3.0501,3.0347,300,1
0,글로벌융합,문헌정보학,18,18,3.0317,2.7358,300,1
0,글로벌융합,문헌정보학,18,18,2.6583,2.6335,300,1
0,글로벌융합,문헌정보학,18,18,2.5061,2.4566,300,1
0,글로벌융합,문헌정보학,18,18,2.4391,2.4015,300,1
0,글로벌융합,문헌정보학,18,18,2.1486,2.1486,300,1
0,글로벌융합,문헌정보학,18,12,2.0734,1.9928,250,1
0,글로벌융합,문헌정보학,18,18,1.8718,1.6044,300,1
0,글로벌융합,문헌정보학,18,18,1.599,1.5781,300,1
0,글로벌융합,문헌정보학,18,15,1.5781,1.4633,300,1
0,글로벌융합,문헌정보학,18,18,1.4173,1.3931,300,1
0,글로벌융합,문헌정보학,12,18,1.351,1.351,300,1
0,글로벌융합,문헌정보학,18,18,1.3494,1.2738,300,1
0,글로벌융합,문헌정보학,18,18,1.2738,1.1256,300,1
0,글로벌융합,문헌정보학,18,18,1.0456,1.0448,300,1
1,글로벌융합,심리학,18,18,4.4460000000000015,4.4292,300,1
1,글로벌융합,심리학,18,18,4.426,4.4096,150,0
1,글로벌융합,심리학,18,18,4.3792,4.3792,300,1
1,글로벌융합,심리학,18,18,4.365,4.3519,100,1
1,글로벌융합,심리학,18,18,4.3416,4.3274,300,1
1,글로벌융합,심리학,18,18,4.3175,4.3103,300,1
1,글로벌융합,심리학,18,18,4.3092,4.2798,300,1
1,글로벌융합,심리학,18,18,4.2582,4.2521,300,1
1,글로벌융합,심리학,18,18,4.2438,4.2286,300,1
1,글로벌융합,심리학,18,18,4.2195,4.2042,300,1
1,글로벌융합,심리학,18,18,4.2017,4.1819,300,1
1,글로벌융합,심리학,18,18,4.1530000000000005,4.1241,300,1
1,글로벌융합,심리학,18,18,4.1143,4.1089,300,1
1,글로벌융합,심리학,18,18,4.0731,4.0689,300,1
1,글로벌융합,심리학,18,18,4.0675,4.0535,300,1
1,글로벌융합,심리학,18,18,4.0529,4.0296,0,1
1,글로벌융합,심리학,18,18,4.0255,4.0245,300,1
1,글로벌융합,심리학,18,18,4.0105,3.9963,300,1
1,글로벌융합,심리학,18,18,3.9933,3.9842,50,0
1,글로벌융합,심리학,18,18,3.9633,3.956,300,1
1,글로벌융합,심리학,18,18,3.9524,3.9152,300,1
1,글로벌융합,심리학,18,18,3.9139,3.8921,300,1
1,글로벌융합,심리학,18,18,3.8883,3.8654,300,1
1,글로벌융합,심리학,18,18,3.8526,3.8489,150,1
1,글로벌융합,심리학,18,18,3.8319,3.819,300,1
1,글로벌융합,심리학,12,18,3.7957,3.7719,300,1
1,글로벌융합,심리학,18,18,3.735,3.7037,300,1
1,글로벌융합,심리학,18,18,3.6817,3.6817,300,1
1,글로벌융합,심리학,18,18,3.636,3.5916,300,1
1,글로벌융합,심리학,18,18,3.5856,3.5653,300,1
1,글로벌융합,심리학,15,18,3.5519,3.5380000000000003,300,1
1,글로벌융합,심리학,18,18,3.5211,3.4879,300,1
1,글로벌융합,심리학,18,18,3.4614,3.4493,300,1
1,글로벌융합,심리학,18,18,3.4493,3.4052,300,1
1,글로벌융합,심리학,18,18,3.3637,3.3239,300,1
1,글로벌융합,심리학,18,18,3.2967,3.2866,300,0
1,글로벌융합,심리학,18,18,3.2825,3.257,300,1
1,글로벌융합,심리학,18,18,3.2499,3.2223,300,1
1,글로벌융합,심리학,18,18,3.1703,3.1187,150,1
1,글로벌융합,심리학,18,18,3.0167,2.9158,300,1
1,글로벌융합,심리학,18,18,2.8631,2.7967,200,1
1,글로벌융합,심리학,18,18,2.7109,2.6834,300,1
1,글로벌융합,심리학,18,18,2.6533,2.6074,300,1
1,글로벌융합,심리학,18,18,2.5683,2.5131,300,1
1,글로벌융합,심리학,18,18,2.4857,2.3913,300,1
1,글로벌융합,심리학,18,18,2.3672,2.1263,300,1
1,글로벌융합,심리학,18,18,1.9997,1.9257,300,1
1,글로벌융합,심리학,18,18,1.8982,1.8751,200,1
0,글로벌융합,심리학,18,18,1.8222,1.797,300,1
0,글로벌융합,심리학,18,18,1.7692,1.6819,300,1
0,글로벌융합,심리학,18,18,1.5971,1.5832,200,1
0,글로벌융합,심리학,15,15,1.504,1.4616,300,1
0,글로벌융합,심리학,18,18,1.4593,1.4369999999999998,300,1
0,글로벌융합,심리학,18,18,1.4152,1.3293,300,1
0,글로벌융합,심리학,18,18,1.2698,1.2051,300,1
0,글로벌융합,심리학,18,18,1.2032,1.0619,300,1
0,글로벌융합,심리학,18,18,1.0456,1.0039,300,1
1,글로벌융합,아동가족학,18,18,4.4966,4.4460000000000015,250,1
1,글로벌융합,아동가족학,18,18,4.4355,4.4355,300,1
1,글로벌융합,아동가족학,18,18,4.4335,4.4215,300,1
1,글로벌융합,아동가족학,18,18,4.4134,4.3774,300,1
1,글로벌융합,아동가족학,18,18,4.3728,4.3673,300,0
1,글로벌융합,아동가족학,18,18,4.3519,4.3379,300,1
1,글로벌융합,아동가족학,18,18,4.3263,4.3201,300,1
1,글로벌융합,아동가족학,18,18,4.3046,4.2789,300,1
1,글로벌융합,아동가족학,18,18,4.2732,4.2521,300,1
1,글로벌융합,아동가족학,18,18,4.2286,4.2286,300,1
1,글로벌융합,아동가족학,18,18,4.2269,4.2087,100,1
1,글로벌융합,아동가족학,18,18,4.1982,4.1858,300,1
1,글로벌융합,아동가족학,18,18,4.1764,4.172,300,1
1,글로벌융합,아동가족학,18,18,4.1585,4.1585,300,1
1,글로벌융합,아동가족학,18,18,4.1555,4.1555,150,1
1,글로벌융합,아동가족학,18,18,4.0609,4.0529,300,1
1,글로벌융합,아동가족학,18,12,4.0407,4.0323,300,1
1,글로벌융합,아동가족학,18,18,4.0245,4.0168,150,1
1,글로벌융합,아동가족학,18,18,4.0128,4.0128,300,1
1,글로벌융합,아동가족학,18,18,3.9964,3.9933,300,1
0,글로벌융합,아동가족학,18,18,3.9494,3.9494,300,1
0,글로벌융합,아동가족학,18,18,3.9292,3.8883,300,1
0,글로벌융합,아동가족학,18,18,3.8654,3.8621,300,1
0,글로벌융합,아동가족학,18,18,3.7827,3.7803,300,1
0,글로벌융합,아동가족학,18,15,3.7745,3.766,300,1
0,글로벌융합,아동가족학,18,18,3.738,3.7347,150,1
0,글로벌융합,아동가족학,18,18,3.7234,3.7014,300,1
0,글로벌융합,아동가족학,18,15,3.6911,3.665,200,1
0,글로벌융합,아동가족학,18,18,3.6371,3.4991,300,1
0,글로벌융합,아동가족학,18,18,3.4969,3.4958,300,1
0,글로벌융합,아동가족학,18,18,3.4879,3.3821,300,1
0,글로벌융합,아동가족학,18,18,3.3239,3.3160000000000003,200,1
0,글로벌융합,아동가족학,18,18,3.2967,3.2866,300,1
0,글로벌융합,아동가족학,18,18,3.2777,3.2475,200,1
0,글로벌융합,아동가족학,18,18,3.2069,3.1432,300,1
0,글로벌융합,아동가족학,18,18,3.1396,3.139,300,1
0,글로벌융합,아동가족학,18,18,3.1237,3.1187,300,1
0,글로벌융합,아동가족학,18,18,3.1179,3.0898,250,1
0,글로벌융합,아동가족학,18,18,3.074,3.0347,300,1
0,글로벌융합,아동가족학,12,18,3.0246,3.0167,300,1
0,글로벌융합,아동가족학,18,18,2.8383,2.7967,300,1
0,글로벌융합,아동가족학,18,18,2.7358,2.6796,150,1
0,글로벌융합,아동가족학,15,18,2.5683,2.3993,300,1
0,글로벌융합,아동가족학,18,18,2.3004,2.2565,200,1
0,글로벌융합,아동가족학,18,18,2.2517,2.2442,300,1
0,글로벌융합,아동가족학,18,18,2.1784,2.1626,300,1
0,글로벌융합,아동가족학,18,18,2.1618,2.0632,300,1
0,글로벌융합,아동가족학,18,18,1.9928,1.8222,200,1
0,글로벌융합,아동가족학,18,18,1.6111,1.6044,300,1
0,글로벌융합,아동가족학,18,18,1.5564,1.5297,300,1
0,글로벌융합,아동가족학,18,18,1.3303,1.1913,300,1
0,글로벌융합,아동가족학,18,18,1.169,1.1601,300,1
1,글로벌융합,사회복지학,18,18,4.4655,4.442,250,1
1,글로벌융합,사회복지학,18,18,4.442,4.442,250,1
1,글로벌융합,사회복지학,18,18,4.4335,4.4292,300,1
1,글로벌융합,사회복지학,18,18,4.4292,4.4111,300,1
1,글로벌융합,사회복지학,18,18,4.409,4.398,150,1
1,글로벌융합,사회복지학,18,18,4.3928,4.3792,300,1
1,글로벌융합,사회복지학,18,18,4.3661,4.3519,300,1
1,글로벌융합,사회복지학,18,18,4.3494,4.3288,300,1
1,글로벌융합,사회복지학,18,18,4.3274,4.327,200,0
1,글로벌융합,사회복지학,18,18,4.3175,4.29,250,1
1,글로벌융합,사회복지학,18,18,4.2655,4.2582,300,1
1,글로벌융합,사회복지학,18,18,4.2421,4.2093,150,1
1,글로벌융합,사회복지학,18,18,4.2077,4.1998,300,1
1,글로벌융합,사회복지학,18,18,4.1779,4.1682,300,1
1,글로벌융합,사회복지학,18,18,4.1566,4.1530000000000005,300,1
1,글로벌융합,사회복지학,18,18,4.1089,4.0972,300,1
1,글로벌융합,사회복지학,18,18,4.0689,4.0535,300,1
1,글로벌융합,사회복지학,18,18,4.0427,4.0245,300,1
1,글로벌융합,사회복지학,18,18,4.0194,4.0085,300,1
1,글로벌융합,사회복지학,18,18,3.9933,3.9911,300,1
1,글로벌융합,사회복지학,18,18,3.9842,3.9779,300,1
1,글로벌융합,사회복지학,18,18,3.9633,3.9575,300,1
1,글로벌융합,사회복지학,18,18,3.951,3.9152,100,1
1,글로벌융합,사회복지학,18,18,3.9151,3.9027,300,1
1,글로벌융합,사회복지학,18,18,3.8883,3.879,50,1
1,글로벌융합,사회복지학,18,18,3.863,3.8489,300,0
1,글로벌융합,사회복지학,18,18,3.819,3.8177,300,1
1,글로벌융합,사회복지학,18,18,3.8078,3.7769,300,1
1,글로벌융합,사회복지학,18,18,3.756,3.7434,300,1
1,글로벌융합,사회복지학,18,18,3.7366,3.735,300,1
1,글로벌융합,사회복지학,18,18,3.7014,3.636,300,1
0,글로벌융합,사회복지학,18,18,3.636,3.6215,300,1
0,글로벌융합,사회복지학,18,18,3.5592,3.54,300,1
0,글로벌융합,사회복지학,18,18,3.5352,3.5258,300,1
0,글로벌융합,사회복지학,18,12,3.4975,3.4975,300,1
0,글로벌융합,사회복지학,18,18,3.4779,3.3901,300,1
0,글로벌융합,사회복지학,18,18,3.3794,3.3561,150,1
0,글로벌융합,사회복지학,18,18,3.3385,3.3134,300,1
0,글로벌융합,사회복지학,18,18,3.3037,3.2981,300,1
0,글로벌융합,사회복지학,18,18,3.2933,3.2868,200,1
0,글로벌융합,사회복지학,18,18,3.2777,3.2716,300,1
0,글로벌융합,사회복지학,18,18,3.2172,3.1656,300,1
0,글로벌융합,사회복지학,18,18,3.1614,3.1339,0,1
0,글로벌융합,사회복지학,18,18,3.1188,3.1179,100,1
0,글로벌융합,사회복지학,18,18,3.0789,3.0347,300,1
0,글로벌융합,사회복지학,12,18,3.0068,2.8631,300,1
0,글로벌융합,사회복지학,18,18,2.7667,2.7109,300,1
0,글로벌융합,사회복지학,18,18,2.6796,2.6605,300,1
0,글로벌융합,사회복지학,18,18,2.577,2.4176,300,1
0,글로벌융합,사회복지학,15,18,2.2008,2.2008,300,1
0,글로벌융합,사회복지학,18,18,2.1967,2.1618,300,1
0,글로벌융합,사회복지학,18,18,2.1316,2.0371,300,1
0,글로벌융합,사회복지학,18,18,2.0272,1.8222,250,1
0,글로벌융합,사회복지학,18,18,1.6321,1.5832,300,1
0,글로벌융합,사회복지학,18,18,1.5794,1.5564,300,1
0,글로벌융합,사회복지학,15,18,1.5503,1.473,300,1
0,글로벌융합,사회복지학,18,18,1.473,1.4593,300,1
0,글로벌융합,사회복지학,18,18,1.4414,1.4414,300,1
0,글로벌융합,사회복지학,18,18,1.406,1.4024,300,1
0,글로벌융합,사회복지학,18,18,1.3427,1.2698,300,1
0,글로벌융합,사회복지학,18,18,1.0847,1.057,300,1
1,글로벌융합,정치외교학,18,18,4.4461,4.442,300,1
1,글로벌융합,정치외교학,12,18,4.4215,4.4134,300,0
1,글로벌융합,정치외교학,18,15,4.3792,4.3673,250,1
1,글로벌융합,정치외교학,18,18,4.3661,4.3505,300,1
1,글로벌융합,정치외교학,18,18,4.3418,4.3263,300,1
1,글로벌융합,정치외교학,18,18,4.3259,4.3061,300,0
1,글로벌융합,정치외교학,18,18,4.3046,4.2613,300,1
1,글로벌융합,정치외교학,18,18,4.2269,4.2195,300,1
1,글로벌융합,정치외교학,18,18,4.2017,4.1982,300,1
1,글로벌융합,정치외교학,18,15,4.1811,4.1724,300,1
1,글로벌융합,정치외교학,18,18,4.1682,4.1229,300,1
1,글로벌융합,정치외교학,18,18,4.1141,4.0943,250,1
1,글로벌융합,정치외교학,18,18,4.0765,4.0689,300,1
1,글로벌융합,정치외교학,18,18,4.0675,4.0609,300,1
1,글로벌융합,정치외교학,18,18,4.0323,4.0169,300,1
1,글로벌융합,정치외교학,18,18,3.9708,3.9633,300,1
1,글로벌융합,정치외교학,18,18,3.9573,3.9545,150,1
1,글로벌융합,정치외교학,15,18,3.9125,3.8177,200,1
1,글로벌융합,정치외교학,18,18,3.7827,3.756,300,1
1,글로벌융합,정치외교학,18,18,3.7424,3.738,300,1
1,글로벌융합,정치외교학,18,18,3.7347,3.6599,300,1
1,글로벌융합,정치외교학,18,18,3.6552,3.6552,250,1
1,글로벌융합,정치외교학,18,18,3.6491,3.6156,300,1
1,글로벌융합,정치외교학,18,18,3.5916,3.5906,200,1
1,글로벌융합,정치외교학,18,15,3.5856,3.5795,300,1
1,글로벌융합,정치외교학,18,18,3.5653,3.5381,300,1
1,글로벌융합,정치외교학,18,18,3.5352,3.5128,300,1
1,글로벌융합,정치외교학,18,18,3.4994,3.4991,300,1
1,글로벌융합,정치외교학,18,18,3.4411,3.4409,300,1
1,글로벌융합,정치외교학,12,12,3.4307,3.3604,300,1
0,글로벌융합,정치외교학,18,18,3.3604,3.3239,300,1
0,글로벌융합,정치외교학,18,18,3.3037,3.2981,300,1
0,글로벌융합,정치외교학,18,18,3.2933,3.2451,300,1
0,글로벌융합,정치외교학,18,18,3.2424,3.1614,300,1
0,글로벌융합,정치외교학,18,18,3.1557,3.1486,300,1
0,글로벌융합,정치외교학,18,18,3.1301,3.1094,150,1
0,글로벌융합,정치외교학,18,18,3.0977,3.0789,300,1
0,글로벌융합,정치외교학,18,18,3.0544,3.0317,300,0
0,글로벌융합,정치외교학,18,18,2.7358,2.6074,300,1
0,글로벌융합,정치외교학,15,18,2.6074,2.2565,300,1
0,글로벌융합,정치외교학,18,18,2.2565,2.2442,300,1
0,글로벌융합,정치외교학,18,18,2.1784,2.1626,300,1
0,글로벌융합,정치외교학,18,18,2.1618,2.1537,300,1
0,글로벌융합,정치외교학,18,18,2.1537,2.0272,200,1
0,글로벌융합,정치외교학,18,18,1.9889,1.9476,300,1
0,글로벌융합,정치외교학,18,18,1.7536,1.4273,300,1
0,글로벌융합,정치외교학,18,18,1.4173,1.4024,300,1
0,글로벌융합,정치외교학,18,18,1.3494,1.3427,300,1
0,글로벌융합,정치외교학,18,18,1.3293,1.2032,300,0
0,글로벌융합,정치외교학,18,18,1.1601,1.0741,300,1
0,글로벌융합,정치외교학,18,18,1.0607,1.0607,0,1
0,글로벌융합,정치외교학,18,18,1.0206,1.0039,150,1
1,글로벌융합,의상디자인,18,18,4.4999,4.4704,300,1
1,글로벌융합,의상디자인,18,18,4.426,4.4049,300,1
1,글로벌융합,의상디자인,18,18,4.4049,4.4023,300,1
1,글로벌융합,의상디자인,18,18,4.4008,4.3956,300,1
1,글로벌융합,의상디자인,18,18,4.3793,4.3599,200,0
1,글로벌융합,의상디자인,12,18,4.3445,4.3416,250,1
1,글로벌융합,의상디자인,18,18,4.3379,4.3201,300,1
1,글로벌융합,의상디자인,18,18,4.3054,4.29,300,1
1,글로벌융합,의상디자인,18,18,4.2421,4.2168,300,1
1,글로벌융합,의상디자인,18,18,4.1766,4.1605,300,1
1,글로벌융합,의상디자인,18,18,4.1585,4.1566,300,1
1,글로벌융합,의상디자인,18,18,4.1472,4.1283,300,1
1,글로벌융합,의상디자인,18,18,4.1229,4.0751,300,1
1,글로벌융합,의상디자인,18,18,4.0493,4.0323,300,1
1,글로벌융합,의상디자인,18,18,4.0291,4.0289,300,1
1,글로벌융합,의상디자인,18,18,4.0258,4.0258,250,1
1,글로벌융합,의상디자인,18,18,4.0255,4.0105,300,1
1,글로벌융합,의상디자인,18,18,4.0085,4.0075,300,1
1,글로벌융합,의상디자인,18,18,3.9498,3.9498,300,1
1,글로벌융합,의상디자인,18,18,3.939,3.9167,300,1
1,글로벌융합,의상디자인,18,18,3.9143,3.9139,300,1
1,글로벌융합,의상디자인,18,18,3.9061,3.9061,300,1
1,글로벌융합,의상디자인,18,18,3.8322,3.8276,300,1
1,글로벌융합,의상디자인,18,18,3.7745,3.7338,300,1
1,글로벌융합,의상디자인,18,18,3.7014,3.6924,300,1
1,글로벌융합,의상디자인,18,18,3.6599,3.6156,200,1
1,글로벌융합,의상디자인,18,18,3.6112,3.5825,300,1
1,글로벌융합,의상디자인,18,18,3.5705,3.5556,300,1
1,글로벌융합,의상디자인,18,18,3.5519,3.4492,300,1
1,글로벌융합,의상디자인,18,18,3.4034,3.3927,200,1
1,글로벌융합,의상디자인,18,12,3.3794,3.3533,100,1
1,글로벌융합,의상디자인,18,18,3.3385,3.2892,150,1
1,글로벌융합,의상디자인,18,18,3.2424,3.2195,300,1
1,글로벌융합,의상디자인,18,18,3.2172,3.1396,250,1
1,글로벌융합,의상디자인,18,18,3.1396,3.1301,300,1
1,글로벌융합,의상디자인,18,18,3.1299,3.1239,300,1
1,글로벌융합,의상디자인,18,18,3.0501,2.6605,300,1
1,글로벌융합,의상디자인,18,18,2.6583,2.6533,150,0
1,글로벌융합,의상디자인,18,18,2.4015,2.3480000000000003,300,1
0,글로벌융합,의상디자인,18,18,2.2806,2.2594,300,1
0,글로벌융합,의상디자인,18,18,2.2121,2.2008,300,1
0,글로벌융합,의상디자인,18,18,2.1822,2.1822,300,1
0,글로벌융합,의상디자인,18,18,2.1822,2.1784,300,1
0,글로벌융합,의상디자인,18,18,2.1537,2.1486,300,1
0,글로벌융합,의상디자인,18,18,2.0787,2.0787,300,1
0,글로벌융합,의상디자인,18,18,2.0433,1.9476,100,1
0,글로벌융합,의상디자인,18,18,1.926,1.7765,300,1
0,글로벌융합,의상디자인,18,18,1.7692,1.6819,300,1
0,글로벌융합,의상디자인,18,18,1.6795,1.6389,300,1
0,글로벌융합,의상디자인,18,18,1.6321,1.599,300,0
0,글로벌융합,의상디자인,18,18,1.5564,1.5564,250,1
0,글로벌융합,의상디자인,18,18,1.5503,1.5297,300,1
0,글로벌융합,의상디자인,18,18,1.4633,1.3799,300,1
0,글로벌융합,의상디자인,18,18,1.3427,1.3293,300,1
0,글로벌융합,의상디자인,15,18,1.297,1.2572,300,1
0,글로벌융합,의상디자인,18,18,1.2286,1.168,0,1
0,글로벌융합,의상디자인,18,18,1.1256,1.0741,300,1
0,글로벌융합,의상디자인,18,18,1.0456,1.0039,150,1
